@id,@lon,@lat,name,opening_hours,website,phone,addr:street;;;;;
294137020,2.3738656,48.8776066,Beautés du Monde,,,,;;;;;
418061336,2.3684549,48.8666062,,Mo-Su 07:00-23:00,,+331 47 00 04 72,;;;;;
578524353,2.2597394,48.9887235,Hyper Minceur,,,,;;;;;
582752851,2.2574153,48.9869325,Süay,,,,;;;;;
597489216,2.2584613,48.9895478,Beauté d'Ici et d'Ailleurs,Tu-Sa 09:30-19:30,,,;;;;;
601708345,2.4214719,48.7351797,Teint de Nacre,,,,Rue du Général de Gaulle;;;;;
606174541,2.2587101,48.9907541,Steldaya,Tu-Fr 10:00-19:00; Sa 10:00-18:00,,,;;;;
606174565,2.2585423,48.9909720,La Parent'Aise,Tu-Sa 10:00-19:00,,,;;;;;
607356642,2.2571029,48.9864089,Esthetic Center,Tu-Sa 10:00-19:00,,,;;;;;
626591644,2.3614279,48.8253135,,,,,;;;;;
661657321,2.2690929,48.9827052,Liméongle,,,+33 1 34 15 52 28,;;;;;
670975093,2.2557534,48.9646208,Douglas,,,,;;;;;
678029802,2.3445708,48.8610692,Lina Cerrone,,,,Rue Saint-Honoré;;;;;
678898286,2.3401890,48.8592419,L'Artisan Parfumeur,,,,Rue de l'Amiral de Coligny;;;;;
684474684,2.2920915,48.8441037,La Maison Thaï (massage),,,+33145777185,Rue des Entrepreneurs;;;;;
701578157,2.1967110,48.8900380,La Vie en Rose,Tu-Su 10:00-20:00,http://www.cocoinstitut.fr/,+33147213641,;;;;;
772600425,2.3315467,48.8029455,Basic Beauty,,,,;;;;;
775732055,2.4190809,48.8051950,Ongle Discount,,,,;;;;;
775732080,2.4192124,48.8049887,Henzeli,,,,;;;;;
777378934,2.3313729,48.8016169,Aqua Spa Sun,,,,;;;;;
796874830,2.2463981,48.8389894,La Maison de Beauté,Tu-We 10:00-19:00; Th 09:00-20:00; Fr 09:00-19:00; Sa 09:00-18:00,,+33 1 48 25 87 43,Route de la Reine;;
813271202,2.2534411,48.9240288,Nocibe,,,,;;;;;
814836424,2.2441341,48.8349025,L'Atelier du Sourcil,Mo 11:30-19:00; Tu-Fr 10:00-19:00; Sa 10:00-18:00,,+33 1 46 03 78 63,;;;
821320863,2.2568116,48.9238613,Marionnaud,,,,;;;;;
821632297,2.2560878,48.9237809,Yves Rocher,Mo-Sa 10:00-19:00,https://www.yves-rocher.fr/tout-sur-les-magasins/ile-de-france/colombes/colombes/S-FRYROC324,,;;;;;
839461265,2.2509582,48.9445505,Nocibé,,,,;;;;;
839470893,2.2429598,48.9387703,Shabab,,,,;;;;;
858366483,2.2405647,48.8474774,Jos's Cak Tus,,,,Avenue Jean Baptiste Clément;;;;;
868414891,2.2313042,48.8341187,Grain de Beauté,,,,Rue de Bellevue;;;;;
870142195,2.2358896,48.8360088,Institut Minci' Bel,Mo-Fr 09:00-20:00; Sa 09:00-19:00,,,Rue Galliéni;;;;
870151542,2.2328154,48.8349668,Silly Beauté,Mo-Sa 08:00-20:00,,+33 1 47 12 07 47,Rue de Silly;;;;;
882356077,2.2410914,48.8315051,Theraform,,,,;;;;;
882356160,2.2409298,48.8322423,Essentiel Beauté,,,,;;;;;
887166130,2.2239426,48.8831799,La Rose des Sables,We Th Sa-Mo 10:00-19:00  Fr 10:00-22:00,,+33147751713,;;;;;
919869816,2.4936879,48.9334228,,,,,;;;;;
922526014,2.2431166,48.8345456,Yves Rocher,Mo-Sa 09:30-19:00,https://www.yves-rocher.fr/tout-sur-les-magasins/ile-de-france/boulogne-billancourt/boulogne-billancourt/S-FRYROC170,,;;;;;
931681748,2.2424329,48.8357536,ColorForever,Mo-Sa 10:30-20:00,,,;;;;;
931681750,2.2423278,48.8359397,Institut Docteur Pierre Ricaud,Mo 14:00-19:30; Tu-Sa 10:00-19:30,,,;;;;
935101986,2.2795424,48.8265301,SPA Évasion Beauté,,https://www.evasionbeaute.com,+33 1 40 93 04 48,;;;;;
938397771,2.2405666,48.8377112,Marionnaud,,,,;;;;;
976978210,2.2488980,48.8351177,Flore,,,+33 1 46 20 19 20,;;;;;
986522762,2.2786155,48.8793579,Bahia Institut,,,,;;;;;
986522768,2.2790540,48.8792050,Côté Soleil,,,,;;;;;
987112285,2.2734461,48.8809915,Carla,,,,;;;;;
988277564,2.2682559,48.8826428,Marionnaud,,,,;;;;;
988277754,2.2652504,48.8828925,Relax Epil,,,,;;;;;
988277782,2.2670137,48.8823333,Cellusonic,,,,;;;;;
995502855,2.2477368,48.8254336,Gossip Beauty Center,,,+33 6 19 24 49 21,;;;;;
997119442,2.2470037,48.8276798,Carnet de Beauté,,,,;;;;;
1038210031,2.2394119,48.8411587,New Sun Center,,,,;;;;;
1038210037,2.2391998,48.8409916,Manucurie,Mo-Sa 09:00-19:00,,+33 1 41 31 34 35,Boulevard Jean Jaurès;;;;;
1041097903,2.2394371,48.8410316,Dépil Tech,Tu-Sa 10:00-19:00,,+33 1 46 89 01 75,;;;;;
1051453462,2.2512471,48.8325086,Angellissima Beauté,,,+33 6 13 86 75 79,;;;;;
1054432184,2.2527345,48.8318228,Masan Beauty Institut,Mo-We  Fr-Sa 10:00-20:00; Th 10:00-21:00,,,;;;;
1101942134,2.2535046,48.8324964,Messaline,Mo-Sa 10:00-20:00,,+33 1 46 20 20 00,;;;;;
1108965139,2.2416386,48.8332218,Eden Beauté,Tu-Fr 10:30-19:30; Sa 10:00-19:00,,,;;;;
1110309645,2.2439642,48.8322108,L'ABC du Coiffeur,,,,;;;;;
1112952581,2.2446800,48.8324884,Body'Minute,,,,;;;;;
1181550657,2.3077041,48.8559656,L'Atelier du Sourcil,Mo-Sa 10:30-19:30,,,;;;;;
1195328240,2.2393048,48.8446876,Galactée,,,,;;;;;
1209893735,2.3494771,48.8701819,Point Soleil,,,,;;;;;
1211862813,2.2346986,48.8449386,Esthetika,,,+33 1 49 09 10 09,;;;;;
1225227376,2.2604226,48.8450557,,,,,;;;;;
1233484769,2.2391315,48.8452258,Institut de Beauté Dominique,,,,;;;;;
1242438591,2.3478143,48.8717581,Point Soleil,Mo-Su 10:00-20:00,http://pointsoleil.com,+33 1 48 01 66 61,Rue du Faubourg Poissonnière;;;;;
1251064490,2.3108370,48.8480368,New Beauty,,,,;;;;;
1252381994,2.3929148,48.8385510,Ligne & Beauté,,,+33149289400,;;;;;
1252382196,2.3888372,48.8396972,Body Minute,Tu-Sa 10:00-19:30,,,;;;;;
1264875613,2.3109876,48.8509184,Rêves Institut,,,,;;;;;
1272037734,2.3183244,48.8831077,Institut Marie Estrella,,,,;;;;;
1278107368,2.2372622,48.8402941,Flamboyant Institut,Tu-Sa 08:00-19:00,,+33 1 46 05 20 04,;;;;;
1278107383,2.2368035,48.8428255,Secrets d'Hel,,,+33 1 46 03 80 80,;;;;;
1279440210,2.2867873,48.8755195,Institut A. Trianon,,,,;;;;;
1279801334,2.3656838,48.8807040,Lamazuna,Tu-Fr 11:00-14:00 15:00-19:00; Sa 11:00-12:30 13:30-19:00,,,Rue Louis Blanc;;;;
1280192056,2.2364636,48.8442820,Body'Minute,,,,;;;;;
1281607586,2.2677304,48.8226220,Mary Cohr,,,,Avenue Victor Cresson;;;;;
1285336059,2.2500001,48.9455487,Marionnaud,,,,;;;;;
1301173355,2.3682999,48.8609494,Pro By Studio,,,,Rue Saint-Sébastien;;;;;
1327343947,2.2634724,48.8854458,Rayon de Soleil,,,,;;;;;
1327343948,2.2629849,48.8850611,Shiatsu,,,,;;;;;
1328467056,2.2660538,48.8844274,Marionnaud,,,,;;;;;
1334491050,2.2538993,48.9230011,Marionnaud,,,,;;;;;
1343147549,2.2599307,48.9707917,B & H Institut,Tu-Sa 09:00-19:00,,,;;;;;
1344434601,2.2599150,48.9710755,Christelle Beauté,,,,;;;;;
1426056665,2.2363054,48.8433856,Body' Minute,Tu-Sa 10:00-19:00,,+33 1 46 04 35 22,;;;;;
1426056666,2.2358597,48.8433734,Institut de Beauté,,,,;;;;;
1454780808,2.2797673,48.8662318,Institut Sarah,,,,;;;;;
1455449897,2.2210035,48.8424525,Ongles de la Colline,,,,;;;;;
1465052906,2.2831145,48.8688519,Marionnaud,,,,;;;;;
1465881634,2.4790067,48.9032936,HyperMinceur,,,,;;;;;
1466909539,2.2839483,48.8689545,Yves Rocher,,,,;;;;;
1514722162,2.1960512,48.8902418,Élisa,,,+33147216249,;;;;;
1559465797,2.2356421,48.8070732,Cristalys Institut,,,,;;;;;
1559465852,2.2356991,48.8068585,Point Soleil,,,,;;;;;
1636594186,2.2577461,48.8390869,Ongles de Paris,,,,;;;;;
1670395380,2.3628128,48.8722907,Body Minute,,https://bodyminute.com/,,;;;;;
1674539438,2.2342224,48.8368551,Body'Minute,Mo-Fr 10:00-20:00; Sa 10:00-19:00,,,;;;;
1674934144,2.3441050,48.8931560,,,,,;;;;;
1674951775,2.3446850,48.8933370,Body Minute,,https://www.bodyminute.com,,;;;;;
1687529874,2.3336002,48.7932373,Les Sens du Zen,Tu-Th 10:00-19:30; Fr 10:00-20:30; Sa 09:30-19:00,,+33 1 47 40 07 47,;;;
1722769920,2.1722621,48.7313342,Institut Océane,,,,;;;;;
1728952874,2.2480819,48.8969044,Le Cocon d'Edwige,,,,;;;;;
1756731236,2.2965816,48.8457433,Estetika,,,,;;;;;
1777300982,2.3090483,48.7643219,Coiffure et Beauté Store,Mo-Sa 09:30-19:00,,,Place du Général de Gaulle;;;;;
1782326509,2.2575235,48.9876241,Body'Minute,Tu-Sa 10:30-18:30,,+33 1 34 37 56 21,;;;;;
1784984240,2.4353087,48.8458210,Magic Form,,,,;;;;;
1800079544,2.3455023,48.7512321,Institut Le Patio de la Beauté,Tu 12:00-20:00  We-Fr 11:00-20:00  Sa 11:00-18:00,,,;;;;;
1805544677,2.4734654,48.8065613,Beauty Lay'l,,,,;;;;;
1821668282,2.3321810,48.8774373,Institut Trinité,,,+33 1 45 26 38 70,;;;;;
1823551404,2.3288511,48.8807024,Rêves de Femme,Tu-Fr 10:00-19:00; Sa 10:00-18:00,http://reve-de-femme.fr/,+33 1 45 26 30 67,;;;;
1824253666,2.4717474,48.8072245,Institut Bella,,,,;;;;;
1824397676,2.4709607,48.8078189,Radical Epil,,,,;;;;;
1824509078,2.3338141,48.8743506,Arnaud Dalens,,,,;;;;;
1824509094,2.3353914,48.8741786,Concept Soleil,,,,;;;;;
1824509097,2.3336815,48.8743545,Citron Vert,,http://www.citron-vert.fr/,+33 1 48 74 93 30,;;;;;
1824509144,2.3351816,48.8744261,L'Atelier du Sourcil,,,,;;;;;
1827138895,2.3399021,48.8766973,Mademoiselle Bio,Mo-Sa 10:00-19:30,,,;;;;;
1827138909,2.3403158,48.8766760,Slim Price,,,,;;;;;
1827138916,2.3398662,48.8764393,Point Soleil,Mo-Sa 08:30-21:00; Su 09:00-20:30,,,;;;;
1827926355,2.4086071,48.7645592,,,,,;;;;;
1845808438,2.4847302,48.7980494,Body Shop,,,,;;;;;
1872840171,2.3611142,48.8831580,Chennai,,,,;;;;;
1913308143,2.3103680,48.8162220,Egocentrik,Mo 17:30-20:00; Tu-Fr 10:00-20:00; Sa 09:00-18:00; Su 10:00-17:00,https://www.egocentrik.fr,+33 1 70 19 06 89,;;
1915656040,2.2893003,48.8352430,Maria Galland,,,,;;;;;
1931490818,2.2498581,48.8770472,Feel Unique,,,,;;;;;
1931490837,2.2518434,48.8781024,Nail Addict,,,,;;;;;
1971972918,2.2473802,48.8983658,Body' Shop,Tu-Sa 10:00-19:30,,,;;;;;
2008569584,2.3131688,48.8309714,Bulle de Soins,,,,;;;;;
2106009033,2.2500609,48.9746352,R&L Beauty Spa,,,,;;;;;
2124630142,2.3088078,48.8841833,Hapsatousy,,,,;;;;;
2124630143,2.3134886,48.8821339,Institut Lys Blanc,Mo-Fr 10:00-19:00,,+33 1 47 64 50 95,Avenue de Villiers;;;;;
2137639863,2.2279578,48.8208773,Les Ephélides,Mo-Sa 11:00-21:30  Su 11:00-14:30 17:30-21:30,http://www.institutdebeaute-les-ephelides.fr/,,Rue Marcel Allégot;;;;;
2145835689,2.3887742,48.8452755,Beauté d'Ange,Tu-Sa 10:00-19:00,,,;;;;;
2177176397,2.4839916,48.8371396,Manae,,,,;;;;;
2184604581,2.3423434,48.8212049,Star Beauté,Mo-Sa 10:30-19:30,,+33666591588;33981600907;;;;
2188838858,2.3578541,48.8222481,Beauté Zen,,,,;;;;;
2193272127,2.3502881,48.8255161,Salon de Beauté Lisa,,,,;;;;;
2193293819,2.3494889,48.8256481,Body Minute,Tu-Sa 10:00-19:30,www.bodyminute.com,,;;;;;
2193300638,2.3489198,48.8256181,Alixe Fougères,,,,;;;;;
2193416197,2.3438266,48.8263277,Hollywood Nails,Mo Tu Th-Sa 10:00-19:30,,,;;;;;
2194736917,2.3313411,48.8279284,Affinité Beauté,,http://affinitebeaute.com,,Rue d'Alésia;;;;;
2206976063,2.3468769,48.8253716,Cleoni Institut de Beauté,,,,;;;;;
2207068395,2.3416841,48.8224773,Des Mains et des Pieds,,,,;;;;;
2210579326,2.3027931,48.8192689,Chez Sophie,,http://www.spainstitut-malakoff.com/,,;;;;;
2217376338,2.3591169,48.8222074,Lena Beauty,,,,;;;;;
2217392421,2.3600325,48.8223437,Le Paradis des Ongles,,,,;;;;;
2217593191,2.3616428,48.8242675,Delphine Beauté,,,,;;;;;
2217674177,2.3608144,48.8259248,Discount Beauté,Sa 11:00-19:00; Su 13:00-19:00,,,;;;;
2217679735,2.3608068,48.8256207,Saigon nails,,,,;;;;;
2224990866,2.1838076,48.8797118,Ô Nail Bar,Tu-Sa 10:00-20:00,,,;;;;;
2252820794,2.3095179,48.8265684,Beauty Spot,,https://www.beautyspot.fr/,,;;;;;
2255926622,2.2773214,48.8429363,Balard Nails,,,,Rue Balard;;;;;
2256051134,2.2908293,48.8318462,Beauty Bar,,,,Boulevard Lefebvre;;;;;
2256051136,2.2907327,48.8318939,Sons Of Barber,,https://www.facebook.com/sonsbarber/,,Boulevard Lefebvre;;;;;
2256148296,2.2819887,48.8353208,Bunny Ongles,,,,Boulevard Victor;;;;;
2258874829,2.2823292,48.8352111,Institut Minceur & Point Sourire,,,,Boulevard Victor;;;;;
2267565744,2.2898665,48.8340801,Thaï Sympathie Krisana,,,,Rue de la Croix Nivert;;;;;
2267687603,2.2777195,48.8428023,Stella Prestige,,http://www.institut-deva.fr,,;;;;;
2273249440,2.2812533,48.8418973,Body Minute,Mo-Fr 10:00-20:00; Sa 09:00-19:30,,,Rue Saint-Charles;;;;
2279711293,2.3603702,48.8908747,Zara,,,,;;;;;
2285154129,2.3616478,48.8901188,Amazing Beauty,,,,;;;;;
2299891872,2.2689666,48.9157411,Arizona Beauté,,,,;;;;;
2301505876,2.3667523,48.8271625,Sophia Nails,,,,;;;;;
2301511407,2.4374392,48.8491179,Amarine,,,,;;;;;
2301511408,2.4373298,48.8485947,Body Minute,Mo-Sa 10:00-19:30,http://www.bodyminute.com,,;;;;;
2301511415,2.4373517,48.8486994,Point Soleil,Mo-Sa 09:00-20:00; Su 10:00-19:30,,,;;;;
2324591033,2.3449684,48.8511296,Camille Albane,,,,;;;;;
2329513991,2.4236022,48.8461203,Christelle M,,,,;;;;;
2331797031,2.3987996,48.8360603,Folicils,,,,;;;;;
2334286040,2.3989949,48.8350478,Kobido,,,,;;;;;
2345383867,2.1956880,48.8902626,Show Room,Mo-Sa 10:00-13:00 14:00-19:00,,,;;;;;
2365654404,2.4353942,48.8482901,Dépil Tech,Tu-Sa 10:00-19:00,,,;;;;;
2380012703,2.2364757,48.8379512,Lady Fitness,,,,;;;;;
2389229435,2.3641318,48.8564502,Bobbi Brown,,,,;;;;;
2405146642,2.2398231,48.8373997,Nocibe,,,,;;;;;
2414859283,2.4352793,48.8453351,Sirilana Thaï Spa,,,,;;;;;
2414859289,2.4350643,48.8462928,Esthétique des Sens,Tu-Fr 10:00-19:30; Sa 09:00-18:00,,,;;;;
2414859322,2.4352776,48.8455212,T&T Nails,,,,;;;;;
2434847768,2.3696345,48.8471797,Étoile Nails,Mo-Sa 10:00-20:00,,,;;;;;
2441303825,2.4350623,48.8500161,Bel Ongle,Tu-Fr 10:00-19:00; Mo 14:00-19:00; Sa 09:00-18:00,,,;;;
2449522681,2.4288042,48.8464456,Body Minute,Tu-Sa 10:00-19:30,www.bodyminute.com,,;;;;;
2456781156,2.3150476,48.7568307,Institut de Beauté,,,,;;;;;
2458125736,2.2842187,48.8474048,Passage Bleu,,,,Rue Linois;;;;;
2470394517,2.1640167,48.8733186,Espace Bien ëtre Biocoop,,,,;;;;;
2496453265,2.3205374,48.8166945,Ocean Nails,,,,;;;;;
2497306390,2.4870150,48.8052349,Espace Bronzage,,,,;;;;;
2497306424,2.4862832,48.8048290,Passion Beauté,,,+33 1 48 89 10 91,;;;;;
2497306446,2.4869454,48.8040399,Un Temps pour Soi,,,,;;;;;
2500391276,2.3036738,48.8319237,Le Confidentiel,,,,;;;;;
2500448766,2.2914409,48.8426981,,,,,;;;;;
2501890701,2.3108656,48.8157874,Attirance,,,,;;;;;
2519197540,2.3211314,48.8168559,L'atelier,Tu-Fr 10:00-19:30  Sa 09:30-19:00,,,;;;;;
2527834788,2.4347168,48.8491861,Sylvie Nails,Mo-Sa 10:00-19:30,,,;;;;;
2538446374,2.3214316,48.8172452,Bella Nails,Mo-Su 09:30-19:30,,+33 9 80 58 86 68,;;;;;
2558774115,2.4857402,48.7971964,Yves Rocher,,http://yves-rocher.fr/st-maur-des-fosses,,;;;;;
2559599024,2.4857886,48.7946287,Arébeauté,,,,;;;;;
2559599056,2.4856896,48.7959744,Passion Beauté,,,+33 1 42 83 15 66,;;;;;
2559599340,2.4858665,48.7960340,,,,,;;;;;
2559835572,2.4866736,48.8020630,Luz Beauté,Tu Fr 10:00-19:00; We 13:00-19:00; Th 11:00-20:00; Sa 10:00-18:00,,,;;
2562997691,2.2915137,48.8493845,Alixe Fougères,,,,Rue de Lourmel;;;;;
2563150134,2.2879954,48.8458446,Élixir,,,+33145781480,Rue de Lourmel;;;;;
2595398899,2.3940495,48.8461167,Bullez Zen,Tu We Fr 10:00-19:00; Th 10:00-20:30; Sa 09:30-18:30,,,;;;
2625311128,2.4348085,48.8458630,Equilibre,,,,;;;;;
2634121043,2.3503148,48.8646947,Bonhomme,,,,;;;;;
2639432137,2.3852920,48.8119938,Lason import export - Ivry 94,Mo-Sa 09:30-19:00,,,Avenue Georges Gosnat;;;;;
2646251241,2.2562210,48.7257501,Espace Beauté Esthétique,,,+33 1 69 20 56 66,Avenue Raymond Aron;;;;;
2653647269,2.3697639,48.8613551,L'Atelier du Sourcil,,,+33143550808,;;;;;
2656051541,2.3238078,48.8705122,Institut René Furterer,,,,;;;;;
2678473592,2.4902843,48.7158117,Sun Still,,,,;;;;;
2701950011,2.2171836,48.7798133,Institut de beauté,,,+33130700777,;;;;;
2722027770,2.3678969,48.8322264,Chez Aude,,,,;;;;;
2745637295,2.3060879,48.8571714,Mademoiselle Bio,,,,;;;;;
2750250753,2.3396875,48.8661886,Anne Sémonin,,,,;;;;;
2750316297,2.3544775,48.8325258,,,,,;;;;;
2753780752,2.4340408,48.8483407,Beauty Stores,Tu-Sa 10:00-19:00,,,;;;;;
2757797403,2.3580402,48.8282556,Saigon Nailux,,,,;;;;;
2758736964,2.2983550,48.8876440,Beleza Parfums,,,,;;;;;
2758915989,2.2897790,48.8847130,Escale Bien-être,,,,;;;;;
2764423702,2.2860680,48.8816550,Au Plaisir des Ongles,,,,;;;;;
2788471585,2.3496927,48.8398329,Color forever,,,,;;;;;
2804975260,2.2884301,48.8005436,Edonys,,,,;;;;;
2805709791,2.2864901,48.8005052,Body Minute,,www.bodyminute.com,,;;;;;
2818180644,2.2374239,48.8803762,Jun Beauté,Tu-Su 11:30-19:30,,+33147720504,;;;;;
2823201901,2.2875630,48.8803690,Del Liance,,,,;;;;;
2828401472,2.3028119,48.8731140,Bioline,,,,;;;;;
2828401473,2.3033641,48.8732849,Camille Albane,,,,;;;;;
2836198701,2.3053500,48.8890190,Lisa,,,,Rue de Tocqueville;;;;;
2836540691,2.3120581,48.8210101,Esthetic Center,Tu-Sa 10:00-19:30,https://esthetic-center.com/,,;;;;;
2836540699,2.3115326,48.8206000,Sainte-Rose,,,,;;;;;
2853153303,2.2922080,48.8765940,Marlène Ferreire,,,,;;;;;
2853210301,2.2912380,48.8767930,Les Sources de l'Orient,,,,;;;;;
2855438964,2.2829648,48.8613975,DNJ Nails,,,,Rue Scheffer;;;;;
2855893815,2.2840528,48.8653055,Gossip City,,,+33 1 47 27 17 44,Rue de Longchamp;;;;;
2855917748,2.2843317,48.8652773,New Season,,http://www.newseasonparis.fr,+33147276638,Rue de Longchamp;;;;;
2867308040,2.3764348,48.8764927,Princy Beauty Palace,,,,;;;;;
2868570277,2.4883997,48.7126239,Myriam Beauté Institut,,,,;;;;;
2868977030,2.3821834,48.8770989,Institut du parc,,,,;;;;;
2871523275,2.2825084,48.8646924,Institut 26,,,,Rue des Sablons;;;;;
2873121743,2.2859668,48.8658220,Espace Zen,,,,Rue Lauriston;;;;;
2874301301,2.2922210,48.8839560,Beauté Champerret,,,,;;;;;
2888155707,2.3744485,48.8800679,New Lifting,,,,;;;;;
2908264599,2.3813069,48.8747885,SARL Fangyuan,,,,;;;;;
2908270175,2.3817186,48.8752586,Carole Beaute,,,,;;;;;
2913188091,2.3848130,48.8740727,Cosm' Up,,,,;;;;;
2916528190,2.3726777,48.8806510,Body' Minute,,,,;;;;;
2916546176,2.3728024,48.8809068,Marchandes de couleurs,,,,;;;;;
2919533659,2.3788904,48.8842137,Esthetic Beaute,Mo-Su 11:00-21:00,,,;;;;;
2920185899,2.2466962,48.7162178,Body’ minute,Mo 11:00-19:30; Tu-Fr 10:00-19:30; Sa 09:30-18:30,,,;;;
2922612714,2.3881568,48.8833581,Institut Manin,,,,;;;;;
2922616885,2.3887818,48.8832470,Beauté Express,,,,;;;;;
2931898511,2.3873511,48.8748746,Beaute & Liss,,,,;;;;;
2932761102,2.2902590,48.8909800,Feel Unique,Tu-Sa 10:00-19:30  Su 10:00-13:00,,,;;;;;
2951269610,2.3806862,48.8824480,Le Boudoir du Regard,Mo-Su 10:00-19:00,http://boudoirduregard.com,+33142402186,Rue Armand Carrel;;;;;
2953134136,2.2844868,48.8589566,LBSA Laboratoire,Mo-Fr 10:00-14:00 15:00-19:00  Sa 10:00-18:00,,,;;;;;
2953148631,2.2855899,48.8602170,Lovely Spa,,,,;;;;;
2954927368,2.2853302,48.8598578,Fit & Slim,,,,;;;;;
2954932563,2.2851009,48.8595278,Bioline,,,,;;;;;
2963142242,2.3867344,48.8746716,Beauty Queen,,,,;;;;;
2963158854,2.3870654,48.8747230,Institut de beauté by Christian Lacout,,http://www.coiffure-spa-paris.fr/,+33 1 42 08 40 65,;;;;;
2963210103,2.3902359,48.8754930,Minceur Esthétique,,,,;;;;;
2973437336,2.3810626,48.8830441,Institut de beaute Laumiere,,,,;;;;;
2973669173,2.3994699,48.8757663,Sun' Set,Mo-Su 10:00-00:00,,+33 1 42 39 26 90,;;;;;
3007389135,2.3811437,48.8851691,Institut Hit Beaute,,,,;;;;;
3021105251,2.3861683,48.8742496,Institut Guinot,,,,;;;;;
3021107970,2.3864107,48.8743585,Body Minute,,www.bodyminute.com,,;;;;;
3049633879,2.2121884,48.8619794,Parfumerie de Suresnes,,,,;;;;;
3058191938,2.1715151,48.8836633,Institut Anne Frédérique,,,,rue des Frères Lumière;;;;;
3078320827,2.2944519,48.8452040,Dr. Pierre Ricaud,,,,Rue du Commerce;;;;;
3084715713,2.2935541,48.8444664,ColorForever,,,,Rue du Commerce;;;;;
3089193720,2.3055080,48.8201080,Sun & Beauty,,,,;;;;;
3104119992,2.2248298,48.8819052,100% zen,Mo-Fr 11:00-13:00 14:00-19:00  Sa 12:00-13:30 14:00-19:00,,,;;;;;
3111373237,2.3007431,48.8212055,,,,,;;;;;
3121871966,2.3867125,48.7086267,Maison de la beauté,,https://www.treatwell.fr/salon/maison-de-la-beaute/,+33 6 59 91 65 15,Allée d'Ozonville;;;;;
3141296194,2.4180985,48.8467637,L'Atelier du Sourcil,,,,;;;;;
3141296206,2.4181993,48.8466856,Point Soleil,,,,;;;;;
3141296208,2.4179712,48.8468316,Rose de Noël,,,,;;;;;
3142574307,2.4213862,48.8463069,Tuina Beauté,Mo-Sa 10:00-19:30,,,Avenue de Paris;;;;;
3142574308,2.4209728,48.8459975,B Happy,,,,;;;;;
3142574316,2.4204446,48.8463951,Le Bar à Vernis,,,,;;;;;
3149578492,2.3165460,48.8132922,Body Minute,Tu-Fr 10:00-19:30  Sa 10:00-19:00,https://bodyminute.com/,+33 1 46 57 30 40,;;;;;
3155052945,2.3167977,48.8471438,Beauty Success,,,,;;;;;
3175606040,2.2316552,48.8891442,Naturel Beauty,Tu-Sa 10:30-19:00,,,;;;;;
3195239522,2.3686262,48.8596336,Ongles Dynamiques,,,,;;;;;
3203139861,2.3720568,48.8616632,Salon de Manucure,Mo-Sa 10:00-20:00,,+33149290107,;;;;;
3203195775,2.3661126,48.8646824,Beauty Paris,,,,;;;;;
3205875690,2.3548840,48.8625234,Cœur de Rose,Mo-Su 11:00-21:00,,+33981064128,;;;;;
3207288416,2.3677834,48.8598961,Body Minute,,,,;;;;;
3209237637,2.3646428,48.8588669,Vesna,,http://www.vesna.fr,+33 1 42 78 12 58,;;;;;
3220765231,2.2610764,48.8855346,Pretty Woman,,,,;;;;;
3221910034,2.2360461,48.8836139,Lady Bonita,Tu-Sa 10:00-19:00,,,;;;;;
3223858253,2.2395839,48.8819348,Las Vegas Nail,,,,Rue Saulnier;;;;;
3227787499,2.2424823,48.8855402,Espace Epilation,,,,;;;;;
3227787500,2.2422972,48.8854784,La Griffe,,,,;;;;;
3236203191,2.3657636,48.8642422,Peppermint,,,,;;;;;
3250238878,2.4933536,48.7148241,L'Éternel Féminin,,,,;;;;;
3261399361,2.3719141,48.8646034,Dar Meimouna,,,+33148056790,;;;;;
3265502453,2.3634336,48.8635459,Gloss-up,,http://www.gloss-up.com/,,;;;;;
3287412075,2.3020890,48.8400910,Jasmine Nails,,,,Rue du Général Beuret;;;;;
3295642454,2.3956555,48.8553424,Tendresse Beauté,Tu-Sa 10:00-19:00  Mo 14:00-19:00,,,;;;;;
3308066136,2.3090652,48.8390884,Parfumerie Enelle,,,,;;;;;
3308067788,2.3087361,48.8385129,Jolies Mamans,,,,;;;;;
3308069777,2.3091068,48.8391251,May,,,,;;;;;
3319974683,2.2940833,48.8362587,Nocibé,,,,;;;;;
3335823929,2.3661619,48.8645879,Charme d'Orient,,https://www.charmedorient.fr/,+331 53 17 02 53,;;;;;
3342900970,2.3520803,48.8574870,Body Shop,,,,;;;;;
3349812104,2.2625482,48.7807289,Guinot,,,,;;;;;
3349813468,2.2601559,48.7784318,L'Instant Beauté,,,,;;;;;
3358721703,2.3842325,48.8675205,Simax Beauty,,,,;;;;;
3361545331,2.3682401,48.8681973,Belle aux Bouts des Ongles,,,,;;;;;
3361545689,2.3682909,48.8690009,Beauty Queen,,,,;;;;;
3392601243,2.3634758,48.8653975,Tchilo,,www.tchilo.com,,;;;;;
3405082963,2.3537754,48.8589377,Huygens,,,,;;;;;
3405102008,2.3471885,48.8589861,Yves Rocher,,https://www.yves-rocher.fr/tout-sur-les-magasins/ile-de-france/paris/paris-rivoli/S-FRYROC787,,Rue de Rivoli;;;;;
3421732452,2.3874464,48.8113078,Institut de Beauté,,,,Rue Raspail;;;;;
3423367993,2.4345406,48.8458465,L'Atelier du Sourcil,Mo Sa 10:00-19:00; Tu-Fr 10:00-20:00,,,;;;;
3438310763,2.3213339,48.8837532,Cui Zhen manucure,Mo-Fr 09:00-19:00,,+33 1 53 42 30 00,;;;;;
3438437288,2.3252110,48.8850164,Bunny Ongles-Nails,Mo-Sa 10:30-19:00,,+33 1 42 94 86 91,;;;;;
3438437292,2.3243644,48.8844562,Eva Nails,,,+33 1 83 87 49 07,;;;;;
3473168601,2.3581370,48.9371529,Body Minut',,,,;;;;;
3482398293,2.3549371,48.9363408,Yves Rocher,Mo-Sa 10:00-19:00,https://www.yves-rocher.fr/tout-sur-les-magasins/ile-de-france/st-denis/st-denis/S-FRYROC101,,;;;;;
3482636951,2.2873373,48.8467070,Le Boudoir du Regard,Mo-Sa 10:00-19:00,http://www.boudoirduregard.com,+33 1 58 62 10 76,;;;;;
3483620530,2.3743271,48.8648997,Monop Beauty,,,,;;;;;
3508935594,2.4381516,48.8482868,Marie Grey,,,,;;;;;
3545035477,2.4900836,48.7149868,Floren'Beauté,,,,;;;;;
3555948527,2.4207623,48.9192725,Yves Rocher,Mo-Sa 09:30-20:30,,,;;;;;
3565517993,2.2921408,48.9255320,Yves Rocher,Mo-Sa 09:30-20:00,https://www.yves-rocher.fr/tout-sur-les-magasins/ile-de-france/gennevilliers/gennevilliers/S-FRYROC70,,;;;;;
3568239693,2.3639885,48.8666613,Yves Rocher,Mo-Sa 10:00-19:00,http://yves-rocher.fr/paris-republique,,Place de la République;;;;;
3569452003,2.4380885,48.7150998,Yves Rocher,Mo-Sa 10:00-19:00,https://www.yves-rocher.fr/tout-sur-les-magasins/ile-de-france/vigneux-sur-seine/montgeron/S-FRYROC527,,rue de la longueraie;;;;;
3572163794,2.3541509,48.8339559,Yves Rocher,Mo-We 10:00-19:30; Th 10:00-20:00; Fr-Sa 10:00-19:30,http://yves-rocher.fr/paris-gobelins,,Avenue des Gobelins;;;
3572274393,2.3144229,48.8830035,Yves Rocher,,http://yves-rocher.fr/paris-levis,,;;;;;
3572292393,2.4065638,48.7428329,Yves Rocher,Mo-Sa 10:00-20:00,http://yves-rocher.fr/orly,,;;;;;
3572321954,2.3325630,48.8749200,Yves Rocher,Mo 11:00-19:00; Tu-Fr 10:00-19:30; Sa 10:00-19:00,http://yves-rocher.fr/paris-chaussee-dantin,,Rue de la Chaussée d'Antin;;;
3574175294,2.2949499,48.8786735,Yves Rocher,Mo-Sa 09:30-19:30,https://www.yves-rocher.fr/tout-sur-les-magasins/ile-de-france/paris/paris-ternes/S-FRYROC113,,Avenue des ternes;;;;;
3574227658,2.3727976,48.8815574,Yves Rocher,Mo-Sa 10:00-19:00,https://www.yves-rocher.fr/tout-sur-les-magasins/ile-de-france/paris/paris-secretan/S-FRYROC112,,;;;;;
3574320993,2.3251428,48.8453972,Yves Rocher,Mo-Sa 10:00-19:30,http://yves-rocher.fr/paris-rennes-montparnasse,,Rue de Rennes;;;;;
3574607896,2.2839705,48.8689165,Yves Rocher,Mo-Sa 10:00-19:00,http://yves-rocher.fr/paris-victor-hugo,,Avenue Victor Hugo;;;;;
3574719908,2.3557135,48.8292068,Yves Rocher,Mo-We 10:00-20:00; Th 10:00-21:00; Fr-Sa 10:00-20:00,http://yves-rocher.fr/paris-c-cial-italie-2,,;;;
3574725593,2.4002786,48.8484041,Yves Rocher,Mo-Sa 10:00-19:00,http://yves-rocher.fr/paris-nation,,Cours de Vincennes;;;;;
3574764093,2.3022105,48.8718786,Yves Rocher,Mo-Sa 10:00-21:00; Su 11:00-21:00,https://www.yves-rocher.fr/tout-sur-les-magasins/ile-de-france/paris/paris-ch-elysees-natures/S-FRYROC799,,Avenue des Champs-Élysées;;;;
3574809893,2.2947237,48.8365691,Yves Rocher,Mo-Sa 10:00-19:00,https://www.yves-rocher.fr/control/epm/france/fr/moncdb/at/europe/france/ile-de-france/paris/paris-vaugirard,,;;;;;
3574845599,2.3769807,48.8911389,Yves Rocher Paris Flandre,Mo-Sa 10:00-19:30,http://yves-rocher.fr/paris-flandre,,;;;;;
3580087795,2.3298005,48.8725359,,,,,;;;;;
3580440194,2.3341645,48.8853968,Yves Rocher,Tu-We 10:00-19:00; Th 10:00-20:00; Fr-Sa 10:00-19:00,,,;;;
3580448495,2.2965734,48.8480106,Yves Rocher,Mo-Sa 10:00-19:30,https://www.yves-rocher.fr/tout-sur-les-magasins/ile-de-france/paris/paris-commerce/S-FRYROC367,,Rue du Commerce - metro la Motte Picquet Grenelle;;;;;
3580516494,2.3294947,48.8312347,Yves Rocher,Mo 11:00-19:00; Tu-Sa 10:00-19:00,https://www.yves-rocher.fr/tout-sur-les-magasins/ile-de-france/paris/paris-leclerc/S-FRYROC105,,Avenue du Général Leclerc;;;;
3580554397,2.3311762,48.8519029,Yves Rocher,Mo 11:00-19:00; Tu-Sa 10:00-19:00,http://yves-rocher.fr/paris-rennes-st-germain,,Rue de Rennes;;;;
3580568793,2.2823415,48.8492717,Yves Rocher,Mo-Sa 10:00-20:30; Su 11:00-19:00,,,;;;;
3580820493,2.2904347,48.8917683,Yves Rocher,Mo 12:00-19:00; Tu-Sa 10:00-19:00,https://www.yves-rocher.fr/tout-sur-les-magasins/ile-de-france/levallois-perret/levallois-perret/S-FRYROC605,,;;;;
3582816395,2.2642610,48.8018161,Yves Rocher,Tu-Sa 10:00-19:00,,,;;;;;
3583213399,2.3029500,48.7539344,Yves Rocher,Mo 13:30-19:00; Tu 09:30-19:00; We 10:00-19:00; Th 09:30-19:00; Fr-Sa 10:00-19:00,http://yves-rocher.fr/antony-mounie,,Rue Auguste Mounié;
3583415394,2.1796983,48.8768500,Yves Rocher,Tu-Sa 10:00-19:00,,,;;;;;
3585251693,2.2380030,48.8908255,Yves Rocher,Mo-Fr 07:30-19:30; Sa 10:00-19:30,https://www.yves-rocher.fr/tout-sur-les-magasins/ile-de-france/puteaux/paris-la-defense-rer/S-FRYROC756,,;;;;
3586039193,2.1846300,48.8800539,Natur House,Tu-Fr 10:30-12:00  12:00-19:00; Sa 09:00-12:00  12:00-17:00,https://www.naturhouse.fr/liste-centres/559-rueil-malmaison,,;;;;
3587815101,2.3954058,48.8192698,Yves Rocher,Mo-Fr 10:00-20:30; Sa 10:00-20:00,https://www.yves-rocher.fr/tout-sur-les-magasins/ile-de-france/ivry-sur-seine/ivry-sur-seine/S-FRYROC378,,;;;;
3587815298,2.3279321,48.9256222,Yves Rocher,Mo-Sa 10:00-20:30,https://www.yves-rocher.fr/tout-sur-les-magasins/ile-de-france/villeneuve-la-garenne/villeneuve-la-garenne/S-FRYROC836,,;;;;;
3587833493,2.3749354,48.9030850,Yves Rocher,Mo-Sa 10:00-20:00,yves-rocher.fr/aubervilliers,,rue de la gare;;;;;
3587834393,2.3290912,48.8108103,Yves Rocher,Mo-Sa 10:00-20:00,http://yves-rocher.fr/arcueil-c-cial-la-vache-noire,,;;;;;
3587996693,2.3040424,48.9024381,Yves Rocher,Mo 11:00-19:00; Tu-Sa 09:30-19:00,http://yves-rocher.fr/clichy,,;;;;
3588014993,2.2541657,48.9446876,Yves Rocher,Mo-Sa 10:00-20:00,http://yves-rocher.fr/argenteuil,,Avenue du marechal foch;;;;;
3589360793,2.4569378,48.7798754,Yves Rocher,Mo-Sa 10:00-20:30,https://www.yves-rocher.fr/tout-sur-les-magasins/ile-de-france/creteil/creteil/S-FRYROC73,,;;;;;
3589370793,2.2774248,48.7248278,Yves Rocher,Mo-Sa 10:00-19:30,https://www.yves-rocher.fr/tout-sur-les-magasins/ile-de-france/massy/massy/S-FRYROC363,,avenue de l'europe;;;;;
3589429493,2.4754178,48.9569179,Yves Rocher,Mo-Sa 10:00-20:00,https://www.yves-rocher.fr/tout-sur-les-magasins/ile-de-france/aulnay-sous-bois/aulnay-bois-c-cial-parinor/S-FRYROC32,,;;;;;
3589454301,2.4161855,48.8798823,Yves Rocher,Mo 14:00-19:00; Tu-Fr 10:00-19:30; Sa 10:00-19:00,http://yves-rocher.fr/les-lilas,,;;;
3589813893,2.4791336,48.8827796,Yves Rocher,Mo 10:00-20:00; Tu-Sa 10:00-19:00,http://www.yves-rocher.fr/rosny-bois-c-cial,,Cc Rosny 2;;;;
3590082898,2.4428855,48.9406232,Yves Rocher,Mo-Fr 10:00-20:00; Sa 09:00-20:00,https://www.yves-rocher.fr/tout-sur-les-magasins/ile-de-france/le-blanc-mesnil/le-blanc-mesnil/S-FRYROC806,,Avenue Charles Floquet - cellule N° 52;;;;
3590173593,2.4852152,48.8369667,Yves Rocher,Tu-Sa 10:00-19:00,http://yves-rocher.fr/nogent-sur-marne,,Grande Rue Charles de Gaulle;;;;;
3590523528,2.2553309,48.8932180,Body'Minute,Mo-Fr 10:00-19:30; Sa 10:00-19:00,,,Rue Victor Hugo;;;;
3594382388,2.2645267,48.8997319,Institut de beauté Anka,Tu-Fr 10:30-20:00; Sa 10:00-19:00,,,;;;;
3613040974,2.3795158,48.8598143,Parenthèse Bien-Être,,http://www.parenthesebienetreparis.fr,+33146594820,;;;;;
3617859642,2.3994831,48.8402625,Nail Art Studio,,,,;;;;;
3623370162,2.3489484,48.8389282,Alixe Fougère,,,,;;;;;
3635876163,2.4026209,48.8013157,Asmina Beauté Indienne,,,,;;;;;
3643864799,2.3585354,48.8823634,Beauty Queen,Mo-Su 10:00-20:00,https://www.institut-beautyqueen.fr,+33 1 42 05 88 99,;;;;;
3643891299,2.3584897,48.8822831,Beauty Queen,,,,;;;;;
3652647637,2.3589858,48.8824674,Gooday,,,,;;;;;
3653089525,2.3718952,48.8487682,Institut de Beauté,,,+33143414008,;;;;;
3656822370,2.3311150,48.8654448,Jo Malone,,,,Rue Saint-Honoré;;;;;
3659114898,2.3616893,48.8703038,Biozen,,www.biozen.fr,,;;;;;
3661283277,2.3240533,48.8973125,Borie Beauté,Tu-Sa 10:00-19:00,,,Boulevard Bessières;;;;;
3663230706,2.1551818,48.8900276,Douc'heure de Beauté,,,,;;;;;
3668191925,2.3396317,48.8750008,Color Forever,,http://www.colorforever.com,+33 1 44 63 93 61,;;;;;
3672095454,2.3578612,48.8611177,Broox,Mo-Sa 10:00-21:00,,,;;;;;
3680774399,2.3475524,48.8637080,Body Minute,,,,;;;;;
3685624330,2.3633348,48.8552638,Body Minute,,,,;;;;;
3688065153,2.3572680,48.8692124,Becky Beauty Saloon,,,+33 9 50 80 24 92,;;;;;
3688065166,2.3610677,48.8684134,Belle et Zen,,,,;;;;;
3688329447,2.3738287,48.8649701,Esthélia,,,+33148051567,;;;;;
3688329457,2.3791186,48.8645524,Sunso,,,,;;;;;
3688329458,2.3797777,48.8644210,Joli Ongle,,,,;;;;;
3700821232,2.3447676,48.8670032,Body'Minute,Mo-Fr 10:00-19:30,,,Rue d'Aboukir;;;;;
3704770425,2.3732777,48.9857620,Yves Rocher,Mo-Sa 10:00-20:00,https://www.yves-rocher.fr/tout-sur-les-magasins/ile-de-france/sarcelles/sarcelles/S-FRYROC393,,avenue de la division leclerc;;;;;
3709172918,2.3756708,48.8312893,Mieux-Être,,,,Avenue de France;;;;;
3710903496,2.4158629,48.8797726,Marionnaud,,,,;;;;;
3733709259,2.2997075,48.8407059,Comptoir Zen,,,,;;;;;
3738028656,2.3592362,48.8573026,Sabon,,,,Rue des Rosiers;;;;;
3738163228,2.3593941,48.8571101,Durance,,,,Rue des Rosiers;;;;;
3759971945,2.1602446,48.9406518,Natur House,,,,;;;;;
3759983825,2.1611205,48.9409823,Doigts de Fée,,,,;;;;;
3759983826,2.1608170,48.9407829,Sun Prestige,,,,;;;;;
3760346263,2.3630746,48.8645709,Elevastor,,,,;;;;;
3768199430,2.3019848,48.8463897,Sun,,,,;;;;;
3771601131,2.1559170,48.9372887,Body Minute,,www.bodyminute.com,,;;;;;
3798708450,2.4728243,48.8347795,Eau Marine,,,,;;;;;
3811331175,2.2966491,48.8668158,Institut de Beauté Chaillot,,,,;;;;;
3811332462,2.2970275,48.8667630,Chaillot Beauté,,,,;;;;;
3824937032,2.3223956,48.8937378,Bonbonail,,,+33 1 42 28 54 41,;;;;;
3840045857,2.3231494,48.8934554,Awa Sabine Fashion,,,+33 6 98 58 36 10,;;;;;
3880134846,2.2314297,48.8762606,Secret Garden Institut,,,,;;;;;
3889206162,2.3506176,48.8654402,Ylinne,,,,;;;;;
3889241358,2.3505693,48.8658435,L'Ongle Fantastic,,,,;;;;;
3889241458,2.3505474,48.8658060,Linda,,,,;;;;;
3889241460,2.3506482,48.8659783,Girls Nails Bar,,,,;;;;;
3916696091,2.3437503,48.8605430,Epiderm Institut,,,,;;;;;
3920576366,2.3595629,48.8681934,Imany,,,,;;;;;
3921975996,2.2298482,48.8734762,Azenka,,http://www.azeka.fr,,;;;;;
3961750084,2.3261143,48.8857436,Tammy,,,,;;;;;
3975063048,2.3554628,48.8725183,Tosto,,,+33 1 48 00 84 19,;;;;;
3980067619,2.3589527,48.8556209,Sunso,,,,Rue de Rivoli;;;;;
3980334517,2.3487513,48.8584844,Parashop,,,,;;;;;
3980442995,2.3586014,48.8559320,Cyra Lydo,,,,;;;;;
3980764068,2.3318140,48.8648829,La Prairie,,,,Rue Saint-Honoré;;;;;
3980826496,2.3417741,48.8616758,Beauté Saint-Honoré,,,,Rue Saint-Honoré;;;;;
3980826521,2.3345321,48.8638127,Toni&Guy,,,,Rue Saint-Honoré;;;;;
3980828267,2.3294413,48.8663464,Institut Darphin,,,,;;;;;
3981588777,2.3020712,48.8698332,Institut Françoise Morice,,,,Rue François-Ier;;;;;
3985131792,2.3008774,48.8770381,Les Anges ont la Peau Douce,,,,;;;;;
4000361664,2.2746688,48.9147863,Yves Rocher,Tu-Sa 10:00-19:30,https://www.yves-rocher.fr/tout-sur-les-magasins/ile-de-france/bois-colombes/bois-colombes-cv/S-FRYROC904,,;;;;;
4004469360,2.3455658,48.8829295,Cosmetic's Center,,,,;;;;;
4025727989,2.2518977,48.8205421,Yves Rocher,Mo-Sa 10:00-20:00,,,;;;;;
4040156235,2.3427987,48.8461209,Rebooking,Tu-Fr 10:00-19:00  Sa 10:00-18:00,,,;;;;;
4040162390,2.3417942,48.8444992,Institut de Beauté,,,,;;;;;
4040162892,2.3416607,48.8454270,Body Minute,,www.bodyminute.com,,;;;;;
4040163318,2.3406128,48.8464388,Color Forever,,,,;;;;;
4078518200,2.3574568,48.8245345,Body Minute,,www.bodyminute.com,,;;;;;
4086589618,2.4345464,48.8470134,Yves Rocher,Mo-Fr 10:00-19:30; Sa 10:00-19:00,https://www.yves-rocher.fr/tout-sur-les-magasins/ile-de-france/vincennes/vincennes/S-FRYROC277,,Rue de Montreuil;;;;
4123869791,2.3225657,48.8405603,Institut de Beauté,Mo-Sa 10:00-19:30,,,;;;;;
4123949689,2.3242684,48.8415748,Beautygirl,Mo-Sa 10:00-20:00,,,;;;;;
4132444490,2.3074211,48.8338676,Bien-être Massages,,,,;;;;;
4135068492,2.2832684,48.8434398,Point Soleil,,,,;;;;;
4135080391,2.2821233,48.8436070,,,,,;;;;;
4140094295,2.3196873,48.8361771,Orchys,,,,;;;;;
4180888100,2.3832737,48.8452832,Présence du Temps,,,,;;;;;
4224034596,2.4387073,48.8458371,La Sultane de Saba,,,,;;;;;
4245128170,2.2717719,48.8552188,Miss Cali en Couleur,,,,;;;;;
4310446891,2.4371319,48.8461912,Laserel,,,,;;;;;
4313968049,2.4163727,48.8914425,Diya,,,,;;;;;
4314628829,2.3425360,48.8928902,Smart Body (institut de bien-être),7J/7 du lundi au samedi de 9h à 21h le dimanche de 10h à 19h,https://www.smart-body.fr/,+33 1 42 57 38 79,Rue Ordener;;;;;
4326240265,2.3446273,48.8515936,Nail Minute,,,,;;;;;
4326240397,2.3446554,48.8516370,Body Minute,,https://www.bodyminute.com,,;;;;;
4340407984,2.3325970,48.8694128,Raoul et Curly,,,,;;;;;
4343154772,2.2487704,48.8937332,L'Onglerie,,,,;;;;;
4343154774,2.2482480,48.8935089,Matis,,,,;;;;;
4349556795,2.3123054,48.9030073,,,,,;;;;;
4352578593,2.3734081,48.8288836,Salon Lam,,,,;;;;;
4357361096,2.3990413,48.8403480,Stella,Mo-Sa 10:30-19:30,http://www.beauteindienne.com,+33 1 43 07 09 77,;;;;;
4357387689,2.3985322,48.8400890,Body Minute,Mo-Sa 10:00-19:30,,,;;;;;
4360347989,2.3050681,48.9017037,Clichy Nails,,,,;;;;;
4401653934,2.2266794,48.8703729,Cléopatre Secret,Tu-Sa 10:30-20:00,,,;;;;;
4402732791,2.3717144,48.8273386,Nadine Coiffure & Esthétique,,,,;;;;;
4411339066,2.4160251,48.8653242,Yves Rocher,Mo-Fr 10:00-20:30; Sa 09:00-20:30,http://yves-rocher.fr/bagnolet,,Avenue du Général de Gaulle;;;;
4416201405,2.3732519,48.8287982,Lucky Nails,,,,;;;;;
4416218494,2.3718523,48.8280626,Centre de Bronzage,Mo-Su 10:00-21:00,,,;;;;;
4420368893,2.3678403,48.8267180,Salon de Meidu,,,,;;;;;
4426683347,2.4871732,48.7973453,Guinot,,,+33 1 48 83 01 30,;;;;;
4426683351,2.4823750,48.7982497,So Zen,,,,;;;;;
4430481090,2.3824100,48.8450541,Institut de Beauté,,,,;;;;;
4436530492,2.2603582,48.8174488,Centre de Beauté Paul & Jess,Tu 9:30-13:30 14:30-18:30;We 9:30-13:30 14:30-19:00;Th 9:30-12:30 15:00-19:00;Fr 9:30-19:30;Sa 9:30-18:30; PH off,,+33 1 46 44 74 72,Rue d'Erevan
4466915781,2.2365234,48.8798310,Body Minute,Tu-Fr 10:00-19:30  Sa 10:00-19:00,www.bodyminute.com,,;;;;;
4466915785,2.2369102,48.8801510,L'Institut Guinot,Tu-Fr 10:00-19:30  Sa 10:00-19:00,,+33 1 42 04 66 06,Rue Jean Jaurès;;;;;
4473111691,2.3059115,48.8997785,,,,,Rue Henri Barbusse;;;;;
4473942842,2.2397137,48.8798201,Point Soleil,,,,;;;;;
4486102719,2.3089236,48.9012024,Corinne Esthétique,,https://corinne.esthetique.free.fr,+33 1 47 39 48 79,;;;;;
4487567789,2.3184446,48.8298829,Body Minute,,,,;;;;;
4499186325,2.2850764,48.9689299,Riviera Soleil,Tu-Sa 10:00-20:00; Su 10:00-18:00,,+33 1 34 17 38 54,;;;;
4503364389,2.2884078,48.9686761,VSBeauty,,,,Rue Pierre Brossolette;;;;;
4517002817,2.3501669,48.8728861,Sun Prestige,,,,;;;;;
4534462295,2.3997604,48.8484392,Yves Rocher,Mo 13:00-18:20; Tu-Th 09:30-18:20; Fr 09:30-19:00; Sa 10:00-19:00,,,;;
4543362998,2.3083155,48.9723587,Lamovida,,,,;;;;;
4546094715,2.1635325,48.9362258,Mary Cohr,,,,;;;;;
4577739267,2.2800517,48.7672321,L'Atelier du Soin,,,,;;;;;
4583027345,2.2688742,48.8228994,Bunny Beauté Ongles,,,,;;;;;
4583027347,2.2695385,48.8229319,,,,,;;;;;
4585045369,2.3685944,48.8290174,L'institut (Massage),,,,;;;;;
4588788368,2.3157738,48.8125203,Peau Caramel - Sothys,,http://www.peaucaramel.com/,,;;;;;
4592625058,2.2778741,48.8261568,Body Minute,,www.bodyminute.com,+33 1 46 48 37 09,;;;;;
4593440824,2.3897564,48.8383512,Yves Rocher,Mo-Sa 10:00-19:30; Mo-Sa 10:00-19:00,http://yves-rocher.fr/paris-charenton,,Rue de Charenton;;;;
4691027115,2.3979939,48.8461976,Aderans,,,,Avenue du Bel Air;;;;;
4702295575,2.3609600,48.8227021,Soleil Relaxe,Mo-Sa 11:00-21:00; Su PH 14:00-21:00,,,;;;;
4731286421,2.2868544,48.9692124,Fam Ongle,,,,;;;;;
4732431822,2.3019934,48.8399497,Tara Beauté,,,,;;;;;
4744818418,2.3562686,48.8733345,La Mèche d'Or,,,,;;;;;
4745033621,2.3515364,48.8474499,C'zen relaxation,,,,;;;;;
4745857071,2.3043537,48.8752125,Beauté Marine,,,,;;;;;
4804201121,2.3216847,48.8372945,Chez Amélie,,,,;;;;;
4804201123,2.3216722,48.8372403,Body Minute,,,+33 1 71 73 45 08,Rue de l'Ouest;;;;;
4818267925,2.3481046,48.8743683,Rêve Bleu,Tu-Fr 10:30-19:30  Mo 11:00-19:00  Sa 10:00-19:00,,,;;;;;
4843622431,2.3468002,48.8821469,Mon Petit Institut,,,,;;;;;
4845667825,2.3507778,48.8809725,Rosa Institut,Tu-Sa 10:00-19:00,,,;;;;;
4845954352,2.3422237,48.9498091,Centre de Bronzage,,,,;;;;;
4849800426,2.2868473,48.8651582,Institut Longchamp,,,,;;;;;
4854329975,2.2389158,48.7816737,Aux Thermes d'Helen,,,,;;;;;
4855693221,2.3371214,48.8771924,Peau de Pêche,Tu-Fr 09:00-19:30  Sa 09:00-18:30,,,;;;;;
4855693226,2.3370235,48.8763209,Cils et Ongles,,,,;;;;;
4855693227,2.3370255,48.8762570,Estetika 2,,,,;;;;;
4874264155,2.3367801,48.8742512,ManuKur,,,,;;;;;
4874264156,2.3366835,48.8742539,Booster,Tu-Fr 12:00-20:00; Mo 11:00-19:00,,,;;;;
4875878024,2.3514443,48.8417172,Beauty R'Lab,Tu We Fr Sa 10:00-19:00  Th 10:00-20:00,,,;;;;;
4875882822,2.3512010,48.8416932,Paris Nails Bar,Mo-Su 10:00-20:00,,,;;;;;
4879415727,2.3499697,48.8795026,Soleil,Mo-Sa 10:30-21:00  Su 12:00-21:00,,,;;;;;
4880646522,2.3559032,48.8707825,Carmen Beauté,,,,;;;;;
4880646523,2.3555481,48.8710124,Supreme White,,,,;;;;;
4885546121,2.3465569,48.8795544,Yupha Beauté 9,,,,;;;;;
4887269226,2.3142837,48.8824553,Biguine,,,,;;;;;
4908168033,2.3952073,48.8699205,,,,,;;;;;
4908763558,2.3070411,48.8411156,Style et Beauté,Mo-Sa 09:30-19:00,,,;;;;;
4916526860,2.3845920,48.8546185,Zen et Beauté,,,+33 1 43 70 11 01,Rue de Charonne;;;;;
4942419449,2.4267709,48.9360813,Escale Beauté,,,,;;;;;
4942457341,2.2620839,48.9702711,Glam'Hour,Mo-Fr 10:00-19:00; Sa 09:00-18:00,,,;;;;
4947349263,2.1859911,48.8001085,Maryse Beauté,Tu-Fr 10:00-19:00; Sa 10:00-18:00,,,Rue de Jouy;;;;
4950703377,2.3407893,48.8636559,Pôle,,,,;;;;;
4953734535,2.2619218,48.7243608,Depiltech,,,,;;;;;
4954890480,2.3315344,48.8710360,Melvita,,,,;;;;;
4954890800,2.3459555,48.8613638,Elikya,,,,;;;;;
4957105211,2.3998832,48.8487718,Body Minute,,,,;;;;;
4957109569,2.3999274,48.8488939,Nina's Nails,,,,;;;;;
4962418054,2.2505779,48.8209547,Body Minute,,https://www.bodyminute.com,+33 1 47 36 75 92,;;;;;
4962418071,2.2495981,48.8197370,DS Beauté,,,+33 1 47 36 10 42,;;;;;
4962418084,2.2493526,48.8182340,Esthétic Center,,,+33 1 46 62 00 37,;;;;;
4962498449,2.2791063,48.8267701,Marionnaud,,https://www.marionnaud.fr/,+33 1 46 48 85 12,;;;;;
4962502477,2.2722986,48.8250252,La Naos,,http://www.lanaos.com,+33 1 47 36 82 02,;;;;;
4964080852,2.2520052,48.8205299,Marionnaud,,https://www.marionnaud.fr,+33 1 46 48 91 08,;;;;;
4964337054,2.2529223,48.8184501,Élan Nature,,,+33 1 41 08 06 77,;;;;;
4964630733,2.2774270,48.8261677,,,www.issysoleil.fr,+33 1 47 36 40 30,;;;;;
4966107185,2.3736815,48.8471749,PN,,,+33146282557,;;;;;
4968226324,2.4025572,48.8691482,My Nails,,,,;;;;;
4974243223,2.2890319,48.8034715,,,,,;;;;;
4974243224,2.2894019,48.7999678,,,,,;;;;;
4974243322,2.2875243,48.8007955,L'Éclat du Regard,,,,;;;;;
4974243325,2.2874256,48.8022725,Beliva Beauté,,,,;;;;;
4978360823,2.4036923,48.8529179,Lisa Salon de Massage,,,,;;;;;
4986474923,2.3989963,48.8506118,L'Onglerie,,,,;;;;;
4998774935,2.3466467,48.8602570,Nails d'Ange,,,+33 1 42 21 40 01,;;;;;
5001825209,2.3325572,48.8529372,Esteba,,,,;;;;;
5003433678,2.3313216,48.8573864,En Aparté,Mo-Sa 10:00-19:00,,+33158622307,;;;;;
5004480317,2.3704638,48.8283954,Institut et Spa,,,,;;;;;
5005237553,2.3736166,48.8263077,Jade d'Asie,Mo-Sa 10:30-20:30  Su 13:00-19:00,,,;;;;;
5010218000,2.3480437,48.8291597,Beauté 5,Tu 10:00-18:30  We 10:00-20:00  Th Fr 11:00-18:30  Sa 09:00-16:30,,+33145801682,;;;;;
5016388534,2.3618921,48.8665115,Nyx,,,,;;;;;
5017976727,2.2767424,48.8579145,Marionnaud,Mo 10:00-19:00  Tu-Sa 10:00-19:30,https://www.marionnaud.fr/,+33142249593,Rue de Passy;;;;;
5020483007,2.4378182,48.8461964,Institut de Beauté,Tu-Sa 10:00-19:00,,,;;;;;
5049754384,2.3263475,48.8543348,Lacure Officine,,https://www.lacureofficine.com/fr/,+33 1 43 25 65 46,;;;;;
5055747514,2.3477042,48.8875421,Cali Nails,,,+33 1 42 58 63 26,Rue de Clignancourt;;;;;
5055878089,2.3490738,48.8877348,Body Minute,Tu-Sa 10:00-20:00,,,Rue Custine;;;;;
5055878093,2.3485387,48.8881466,Cathy Ongles,,,,Rue Custine;;;;;
5066699722,2.3348155,48.8859375,Marionnaud,,,,;;;;;
5067025503,2.3089043,48.8734697,,,,,;;;;;
5123004439,2.3624246,48.8802310,Gao li salon de massage,,,,;;;;;
5129458964,2.3230469,48.8835321,Body' Minute,,,+33-1-4490-9962,;;;;;
5155068835,2.3066968,48.8429448,Michaï Thaï Spa,Mo-Sa 11:00-20:00,,,;;;;;
5155889553,2.3164248,48.8853405,Unlimited Epil,,,,;;;;;
5173422553,2.3009470,48.7527458,L'Instant Zen,,,,;;;;;
5182152327,2.3756917,48.8829809,Abi Beauty Palace,Mo-Su 10:00-20:00,,,;;;;;
5195102659,2.2989865,48.8098801,Orchidée Bleue,,,,;;;;;
5207272323,2.3202015,48.8250869,Sainte-Rose,,,,;;;;;
5217599750,2.3653905,48.8808650,Body Minute,Mo-Sa 10:00-19:30,https://www.bodyminute.com,,;;;;;
5217599753,2.3654200,48.8808540,Nails Minute,,,,;;;;;
5231458395,2.3636681,48.8796745,Beauty Girls,,,,;;;;;
5231458397,2.3641722,48.8800978,Point Soleil,,,,;;;;;
5245856671,2.3846755,48.8522079,Sophie Sun Beauty,,,,;;;;;
5248095868,2.2016832,48.8868574,OSunset,Mo-Su 10:00-22:00,,,;;;;;
5256465118,2.3328678,48.8351135,Star Nails,Mo-Sa 10:00-20:00,,,;;;;;
5263954650,2.2898253,48.8896254,Noixdecoco,Mo-Sa 09:00-21:00; Su PH 10:00-20:00,,,;;;;
5266949422,2.2535454,48.7059174,Beauté Style,,,,;;;;;
5273955198,2.3951305,48.8699133,Kim Thy,,,,;;;;;
5291421427,2.2396705,48.8348419,Passionnail,,,,;;;;;
5312216363,2.2126960,48.8448442,Body'minute,Tu-Sa 10:00-19:30;PH closed,,,;;;;
5317620522,2.4571056,48.7062099,Vitalement Votre,,,,Rue du Docteur Léon Deglaire;;;;;
5323854663,2.2643155,48.8856761,Du Bout des Ongles,,,,;;;;;
5325431816,2.2266014,48.9122678,Beauty Luxe,Mo-Sa 09:00-20:00; Su 10:00-19:00,,,;;;;
5329337531,2.3293773,48.8314275,HD Nails,,,,;;;;;
5338650947,2.4058396,48.8541260,Bollywood Beauty,,,+33 1 43 79 89 96,;;;;;
5352561647,2.3555145,48.8642143,C'est la Vie,,,,;;;;;
5359519769,2.3228104,48.8234393,Institut de Beauté & de Bien-Être,,,+33 9 86 19 34 48,;;;;;
5359624029,2.2492305,48.8949322,Bulle de Soins,Mo-Fr 10:00-19:30; Sa 10:00-19:00,,,;;;;
5363900236,2.3497181,48.8589380,Couleur Caramel,,,,;;;;;
5367840406,2.3078522,48.8378589,Kelly Nails,,,,;;;;;
5401522495,2.3521055,48.8357549,L'Onglerie,,,,;;;;;
5405137997,2.3037583,48.8413243,L'ongle Minute,,,,;;;;;
5405138198,2.3041480,48.8407671,Point Soleil,,,,;;;;;
5422621436,2.3015529,48.8423876,Nails & Spa,,,,;;;;;
5422621437,2.3013927,48.8423381,Barbe à Bidou,,,,;;;;;
5422621448,2.2989110,48.8414120,Ozongles,,,,;;;;;
5422621493,2.2896368,48.8384618,Déesse & Apollon,,,,;;;;;
5422621629,2.3086151,48.8442465,Manucure,,,,;;;;;
5426871699,2.4003355,48.9710236,,,,,;;;;;
5448683621,2.2634961,48.8401278,The Bar à Sourcils,,,,;;;;;
5450480851,2.3476839,48.8689194,Colorful Black,Tu-Sa 11:00-14:00  15:00-19:00,,,Rue poissonnière;;;;;
5454128814,2.3249468,48.8738794,Institut Bulle de Plaisir,,http://bulledeplaisir.com,,;;;;;
5478946839,2.2944954,48.8418297,Guinot,,,,;;;;;
5478948323,2.2949929,48.8435231,Institut Mademoiselle,,,,;;;;;
5514518531,2.3049469,48.8836165,Body Minute,Mo-Sa 10:00-19:30,http://www.bodyminute.com/,+33 1 43 80 71 67,Avenue de Villiers;;;;;
5519351649,2.2419423,48.8853453,L'Atelier du Sourcil,Tu We Fr 10:00-19:00; Th 10:00-21:00; Sa 10:00-18:00,https://www.atelierdusourcil.com/,+33 1 49 06 15 60,Rue de la République;;;
5522240381,2.1926622,48.8627320,Une Heure pour Soi,Mo-Fr 09:00-21:00  Sa 08:30-20:30,,,;;;;;
5522459082,2.2396982,48.8836201,Cléopâtre Secret,Tu-Sa 10:30-20:00,,+33 1 49 06 91 63,Rue Anatole France;;;;;
5523444622,2.2427902,48.8844286,Procryo,,https://www.procryo.net/,+33 6 58 87 09 56,Rue Roque de Fillol;;;;;
5523444989,2.2425217,48.8855253,Institut Respire,Mo 12:00-19:00; Tu 09:30-19:00; We 10:00-19:00; Th 09:30-20:00; Fr 09:30-19:00; Sa 09:00-18:00,https://www.institutrespire.com,+33 1 46 92 06 65,Rue de la République
5536224323,2.2408030,48.8836163,Eva Nails,,,,Rue Marius Jacotot;;;;;
5536224582,2.2411728,48.8838892,M&M Beauté,,,,Rue Marius Jacotot;;;;;
5542639039,2.3397069,48.8781108,Saint Algue,Tu-Sa 10:00-19:00,,,;;;;;
5542639137,2.3399872,48.8791311,ColorForever,Mo-Sa 10:30-20:00,,,;;;;;
5564040960,2.3480116,48.8816707,Orchidée Thai Beauté,Mo-Sa 11:00-20:00; Su 11:00-19:00,,,;;;;
5566427713,2.3467950,48.8821960,Bui Beauté,,,,;;;;;
5599890254,2.4145346,48.8226110,Bonheur Nail,,,,Rue du Général Leclerc;;;;;
5622793800,2.4118152,48.8225298,Bulle de Soins,,,,;;;;;
5640076667,2.3498347,48.8819931,Carla Beauté,,,,;;;;;
5654049637,2.4313386,48.8445438,Océane Eden,,,,;;;;;
5654058569,2.4316058,48.8447680,Étamine,Mo-Sa 10:00-21:00,,,;;;;;
5655688073,2.3635679,48.8546854,Bulle de Plaisir,,http://www.bulledeplaisir.com/,,;;;;;
5656829821,2.3502072,48.8137959,La précieuse,,,,;;;;;
5665617545,2.4092419,48.8214999,Hong Lou Beauté,,,,;;;;;
5692639738,2.3451651,48.8824503,La forme d'Anvers,,,,;;;;;
5702204923,2.2642796,48.8401450,Salon d'Esthétique,,,,;;;;;
5704947021,2.3428638,48.8700522,Nail it!,,,,;;;;;
5737319510,2.4054345,48.8345519,Sun,,,,;;;;;
5750264715,2.3227020,48.8186623,Lotus Beauté,,,,;;;;;
5764960943,2.4278028,48.8025817,Place Soleil,,,,;;;;;
5764960944,2.4279143,48.8037407,Imane Beauty Shop,,,,;;;;;
5767487353,2.3812494,48.8732176,Ivy Beauté,,,,;;;;;
5767487453,2.3812898,48.8732265,Mimi Beauté,,,,;;;;;
5786201232,2.2712596,48.9141136,Xerus,,,,;;;;;
5809411976,2.3782736,48.8553272,Be Beauty,,,,;;;;;
5809412086,2.3789394,48.8552764,Salon Vaguelette,,,,;;;;;
5810155807,2.2266331,48.9158333,Beauty Full,,,,;;;;;
5810155812,2.2274445,48.9159814,SAI,,,,;;;;;
5810990829,2.2113606,48.9317044,Shakira,,,,;;;;;
5820333254,2.2596258,48.8377025,French And The City,Mo-Sa 10:00-19:30,,+33 1 46 51 24 81,;;;;;
5820333255,2.2623537,48.8392535,L'atelier du Sourcil,,,,;;;;;
5820333455,2.2621078,48.8391388,Body Minute,,www.bodyminute.com,,;;;;;
5835868285,2.2345370,48.8313294,Lanxin Beauté,Mo-Su 11:00-20:30,,+33 1 46 05 42 64,;;;;;
5838157885,2.2556260,48.8332411,Joline,,,,;;;;;
5848020411,2.4050930,48.8562269,Sun'Set Pyrénées,,www.sun-set.fr,+33 1 43 67 93 64,;;;;;
5860686113,2.3808808,48.8465124,Flora Onglerie,,,+33 6 18 44 82 88,;;;;;
5884607591,2.2946496,48.8457354,Mary Cohr,,,,;;;;;
5885180385,2.3255825,48.8274158,CoCoon,,,,;;;;;
5887586888,2.2449475,48.8304012,Civana,,,,;;;;;
5887725685,2.2278113,48.8326269,Le Plus de Beauté,Mo-Su 10:00-20:00,,,;;;;;
5893389188,2.3826633,48.8735022,Beautiful Minute,,,,;;;;;
5893389192,2.3810064,48.8729993,Sonia Beauté,,,,;;;;;
5899289850,2.2581129,48.9880439,Bulles de Perles,,,+33 1 72 53 56 06,;;;;;
5909993018,2.2581579,48.9895997,Manucure Center,,,+33 1 34 13 84 11,;;;;;
5917135481,2.3719777,48.8813518,Maysara Institut,Mo-Su 09:00-21:00,https://maysara-institut.fr,+33 9 81 69 43 06,Rue de Chaumont;;;;;
5922181985,2.2544133,48.9908785,Ô Sun Set,,,,;;;;;
5922399148,2.3061865,48.7569167,L'Atelier du Sourcil,,,,;;;;;
5926330958,2.3241881,48.8183508,Les Rivières du Soleil,,https://www.institut-beaute-montrouge.fr/,,;;;;;
5926464506,2.2662187,48.8399552,Flawless Body,,,,;;;;;
5929096578,2.2906343,48.8001338,La Loge,,,,;;;;;
5929500351,2.3362889,48.7936574,Strass Ongle,Mo-Sa 09:30-19:00,https://www.strass-ongle.fr/,+33 9 54 70 87 96,;;;;;
5940773785,2.2685933,48.9830403,Esprit Zen,Mo-Sa 09:30-12:00  14:00-19:00,,+33 6 10 30 03 51,;;;;;
5953310374,2.3455467,48.8792533,Terrabea,,,,;;;;;
5959622988,2.2519995,48.9449263,Xinxin Ongles,,,,;;;;;
5968920085,2.2588017,48.8380696,Beauté Bleue,,,,;;;;;
5968920087,2.2590778,48.8386460,Wu,,,,;;;;;
5970172826,2.3065965,48.8271335,Rita Beauté,,,,;;;;;
5978165791,2.3508381,48.8880577,Star Afro Look,,,+33 1 42 54 58 38,Rue Poulet;;;;;
5982171689,2.3448044,48.7838340,Esthetic Center,Mo-Sa 10:00-19:00,,,;;;;;
5985236385,2.2489821,48.8254653,Zen Attitude,,,+33 9 81 00 62 63,;;;;;
5987094563,2.3667838,48.8819934,L'Éclat des Mains,,,,;;;;;
6010102036,2.4909302,48.7663613,Coiff&Co,,,,;;;;;
6010121164,2.3557276,48.8901082,Le Jardin de Djena,,,+33 1 42 64 46 97,Rue Stephenson;;;;;
6010571939,2.3528802,48.8869794,Naomie Beauté,,,,Rue Myrha;;;;;
6010571955,2.3511640,48.8867149,Las Chicas,,,,Rue Myrha;;;;;
6010571962,2.3504081,48.8867349,Humza Beauté,,,,Rue Myrha;;;;;
6010571967,2.3502385,48.8867136,Caprice Style,,,,Rue Myrha;;;;;
6010571968,2.3502144,48.8865724,SARL Cisse & Fils,,,,Rue Myrha;;;;;
6010571971,2.3500542,48.8866894,Beauté Divine,,,,Rue Myrha;;;;;
6011867724,2.3231753,48.8192619,My Cherry Nails,Mo-Sa 10:00-19:00,,+33 9 86 34 41 32,Avenue Henri Ginoux;;;;;
6022065185,2.2639246,48.8411099,Au Cœur des Ongles,,,+33 1 46 47 57 60,;;;;;
6023427645,2.3236642,48.8884188,Body Minute,,,,;;;;;
6024439189,2.3560695,48.8573974,Eau de Cassis,,,,;;;;;
6031771350,2.3209275,48.8903172,Look n' Shop,,,,;;;;;
6032596486,2.3372912,48.9150193,Sun Lady's,,,,;;;;;
6034704660,2.2746527,48.9145519,Marionnaud,,,,;;;;;
6039599373,2.2138162,48.9264020,Beauty Forever,,,,;;;;;
6040134357,2.2271065,48.9162361,Beauty Full,,,,;;;;;
6040134360,2.2267042,48.9165331,Olga Beauté,,,,;;;;;
6041795186,2.4654946,48.8186782,Yves Rocher,Tu-Sa 10:00-19:00,https://www.yves-rocher.fr/tout-sur-les-magasins/ile-de-france/joinville-le-pont/joinville-le-pont/S-FRYROC953,,;;;;;
6043477487,2.3711371,48.8529409,Yves Rocher,Mo-Sa 10:00-19:30,https://www.yves-rocher.fr/tout-sur-les-magasins/ile-de-france/paris/paris-faubourg-st-antoine-3/S-FRYROC944,,;;;;;
6050030959,2.3957816,48.8391125,Les Edenyles,,,,;;;;;
6050031273,2.3978223,48.8385293,Yang Yang Beauté,,,,;;;;;
6052763294,2.2478494,48.9069955,Esthéline,,,,;;;;;
6055350985,2.2344454,48.8294954,Institut de Beauté,,,+33 1 40 96 85 38,;;;;;
6067262274,2.3573574,48.9260321,Soaddict Nails,,,,;;;;;
6068367532,2.3448559,48.8670303,À l'Eau Bike,Mo-Sa 10:30-21:00,,,Rue d'Aboukir;;;;;
6073862888,2.3254688,48.8747113,L'institut Paris 8e,,,,;;;;;
6116621688,2.4758828,48.8359289,Chez Julie,,,,;;;;;
6116649786,2.4727908,48.8358117,Beauty,,,,;;;;;
6119503130,2.2849658,48.9644383,Eden Beauté,,,+33134175008,;;;;;
6127824052,2.3218710,48.8172319,Eden's Body Nails,Tu-Sa 09:30-19:00; Th 09:00-18:00,,+33 1 42 53 25 65,;;;;
6132867521,2.4066600,48.8195654,Bala,,,,;;;;;
6134897860,2.2846859,48.8566973,Maison Mélanie,,,+33 9 86 24 75 66,;;;;;
6166347946,2.1778764,48.9104413,Aux bons soins d'Émilie,Mo-We Sa 09:00-19:00; Th Fr 09:00-20:00,,+33 1 39 68 00 62,Rue Éric Tabarly;;;;
6173691992,2.3527908,48.8632207,Beauté du Marais,,,,;;;;;
6187735888,2.3183765,48.9662405,Idéal Beauté,Tu-Fr 09:30-19:00; Sa 09:00-17:00,https://institutidealbeaute.fr/,+33 1 39 83 71 34,;;;;
6189735385,2.2399207,48.8401799,Centre de Bronzage,Mo-Fr 08:30-21:00; Sa-Su 10:00-20:00,,+33 1 41 31 03 10,Boulevard Jean Jaurès;;;;
6230929392,2.3213657,48.7942840,Élodie Beauté Ongles,,,+33629618183,;;;;;
6251428087,2.2276730,48.8406853,L'Effet du Regard,Tu-Sa 10:00-19:00,,+33 1 40 91 70 36,Rond-Point Rhin et Danube;;;;;
6257636685,2.2319917,48.8402690,Pin Up's Nails,Mo-Sa 10:00-19:30,,+33 1 46 21 38 15,;;;;;
6257640485,2.2324364,48.8402318,Le Sourire du Dragon,Mo-Su 11:30-20:30,,+33 9 81 98 78 73,;;;;;
6271318099,2.2304713,48.8426133,Carita,,,+33 1 46 20 06 06,;;;;;
6271483286,2.2336498,48.8441799,Nail Bar,Mo-Sa 10:00-19:00,,,;;;;;
6274108087,2.2677168,48.8519337,Fahira,Mo-Sa 10:00-20:00,,+33 9 83 52 27 37,;;;;;
6274131687,2.2673239,48.8511939,L'Institut,Tu-Sa 10:00-19:00,,,;;;;;
6274137786,2.2671983,48.8509714,Kimi Nails,Mo-Sa 09:30-19:00; Su 12:00-19:00,,+33 9 51 57 20 36,;;;;
6278891486,2.2606241,48.8391153,Marionnaud,,,,;;;;;
6280619787,2.3931927,48.8864713,Beauty Bio,,,,;;;;;
6297695686,2.3819655,48.8696752,Lili Beauté,,,,;;;;;
6299203625,2.3833421,48.8446058,Indian,,,,;;;;;
6311668033,2.2255172,48.8677028,Atmosphère,,,0980721819,;;;;;
6311830886,2.3460043,48.8597949,Esthetic Center,,,,Rue des Déchargeurs;;;;;
6315948009,2.3097484,48.8160648,Amarelia,,,,;;;;;
6332980091,2.2377394,48.8417362,Le Boudoir du Regard,Mo-Fr 10:00-19:00; Sa 10:00-18:00,,+33 1 46 21 76 64,;;;;
6335943908,2.1904260,48.8574094,Lady Buzenval,,,,;;;;;
6338334543,2.3796143,48.8712131,Black Pearl,,,,;;;;;
6347242985,2.2365098,48.8434210,Bar Nail's & Brush,Tu-Sa 10:00-19:30,,+33 9 84 24 18 45,;;;;;
6347242989,2.2368733,48.8433261,Petits Soins Bio,Tu-Sa 11:00-19:00,,+33 1 70 68 35 01,;;;;;
6349117190,2.3276048,48.8311722,Missha Nails,,,,;;;;;
6355440886,2.3232590,48.8233584,Nordique France,Mo-Fr 09:30-12:30  14:00-18:00;" Sa ""sur RDV"",https://www.nordiquefrance.com/showrooms/paris/,+33 1 45 45 54 53,";;;;
6358537732,2.3375297,48.9152371,Sun Lady's,,,,Boulevard Jean-Jaurès;;;;;
6360227886,2.2515914,48.8390990,Un Moment de Beauté,We-Fr 09:30-20:00; Sa 09:00-17:30; Tu 11:00-20:00,,+33 9 86 63 66 77,;;;
6378239074,2.4226879,48.8472760,Rêve & Sens,,,,;;;;;
6378239786,2.4225167,48.8474749,Beaux Ongles de Kim,,,,;;;;;
6378240197,2.4238196,48.8477690,Soleil et Beauté,,,,;;;;;
6406497685,2.2640642,48.8415935,Nary Nails 1,,,+33 1 45 20 81 80,;;;;;
6427364387,2.3034761,48.8861737,Ici & Ailleurs,Mo-We  Fr-Sa 10:00-20:00; Th 10:00-21:00,https://app.flexybeauty.com/ici-and-ailleurs/home,+33 1 70 23 33 38,Rue Gustave Doré;;;;
6432516389,2.3689576,48.8692420,Salon du Regard,,,,;;;;;
6432516485,2.3683574,48.8690038,T for TaTToo,,,,;;;;;
6436787886,2.3247672,48.8348757,Bulle de Sérénité,,,,;;;;;
6436821907,2.3285728,48.8152357,Zoa' Eden,,,,;;;;;
6438006198,2.3410395,48.8416292,Cherry Nails,,,,;;;;;
6438362387,2.2996474,48.8332072,Spa Perle d'Étoile,,,,;;;;;
6445733493,2.2815755,48.8687085,Nails & Colors,,,,;;;;;
6488616457,2.1545228,48.7960269,Guinot,Tu-Sa 09:30-19:30,,,;;;;;
6509505386,2.2750975,48.9918484,My Nail's,,,,;;;;;
6537193177,2.2893561,48.8511954,L'onglerie,,,,;;;;;
6537310292,2.2868893,48.8490135,By Julie,,,,;;;;;
6537384966,2.2911649,48.8488175,Instant de Soi,,,,;;;;;
6549455687,2.3816304,48.8542738,Atelier des Rendez-Vous,,,,;;;;;
6549456887,2.3766016,48.8621868,Nails Fourniture,,,,;;;;;
6554824633,2.3340958,48.8531205,Body Minute,,,,;;;;;
6558680386,2.3290000,48.8798435,Han Paris Nail,,,,;;;;;
6577743182,2.2883457,48.7321132,,,,,;;;;;
6583628015,2.3214950,48.8172346,L'Atelier du Sourcil,,,,;;;;;
6627482285,2.2726212,48.8499725,Caramel et Amande Douce,,,,;;;;;
6632766577,2.2723111,48.9016705,Mansula Beauté Indienne Naturelle,,,,Boulevard Saint-Denis;;;;;
6643025230,2.4026046,48.8560424,Ô Jardin des Sens,,,,Rue des Vignoles;;;;;
6652843343,2.3725580,48.8835688,Pédicure,,,,;;;;;
6703982261,2.3114737,48.8197211,Paule & Dominique,,,,;;;;;
6731754403,2.3119219,48.8308724,Annysh Beauty,,,,;;;;;
6757123942,2.3150494,48.8417354,Institut Ophrys,,,+33 1 43 22 62 22,Rue Brown-Séquard;;;;;
6761319168,2.3209427,48.7928560,Salon La Rose,,,+33 982288079,;;;;;
6776813085,2.2786512,48.8593925,Vital Nail,,,+33 9 52 94 67 71,;;;;;
6789026272,2.3057254,48.8195720,Vivia Nail,,,,;;;;;
6789215387,2.2859535,48.9700967,Les Demoiselles de Saint-Gratien,,,,;;;;;
6790702381,2.2823207,48.7791334,So Soleil,Mo-Sa 09:00-20:00,https://sosoleil.fr,+33 1 40 91 63 04,Rue Houdan;;;;;
6796873004,2.3843731,48.8839242,Beauté Ellem 2,Mo-Sa 09:30-19:30,,,;;;;;
6831177885,2.3548978,48.8585601,Natura Brasil,,,,;;;;;
6905108823,2.2957819,48.8763658,Nailsmap,,,,;;;;;
6932435989,2.3077320,48.9711086,Yves Rocher,Mo-Sa 10:00-19:00; Su 11:00-18:00,http://yves-rocher.fr/enghien-les-bains,,Rue du Général de Gaulle;;;;
6939323486,2.2754350,48.8527797,Fontaine Beauté,,,+33 1 40 50 39 01,Rue Jean de La Fontaine;;;;;
6965908351,2.1963113,48.7805408,Institut Guinot,Mo-Sa 08:00-18:00,,+33 1 34 65 90 99,;;;;;
6987051303,2.3499232,48.8775576,Dépil Soft,,,,;;;;;
6990395322,2.1572973,48.8041089,O Boudoir Versaillais,,,,Esplanade Grand Siècle;;;;;
6992422687,2.3341217,48.8796736,Janou,,,,;;;;;
7023383685,2.2616642,48.9832094,Esthétique et Massage de Bien-Être,,http://www.ermontbienetre.fr,+33 6 76 95 79 94,;;;;;
7036416091,2.3342525,48.8300312,Coty's Nails,,,+33 9 54 07 51 88,Rue Dareau;;;;;
7040483103,2.3228386,48.8297133,Cocoon,,http://cocoonbeaute.com,,;;;;;
7046796086,2.3199709,48.8348348,Alixe Fougères,,,,;;;;;
7051213485,2.1690010,48.8059469,L'Institut Rive droite,,,,;;;;;
7054281385,2.3296113,48.8652443,Maison Francis Kurkdjian,Mo-Sa 11:00-11:00  13:30-14:30  19:00-19:00,http://franciskurkdjian.com,+33142600707,Rue d'Alger;;;;;
7056104005,2.1735492,48.8041762,Basilic Institut,,,+33130242121,;;;;;
7058495592,2.3602071,48.8711998,L'Institut,,,,;;;;;
7058495603,2.3328532,48.8406944,Nail Minute,,,,;;;;;
7069198186,2.3603099,48.8670617,L'Atelier du Sourcil,,,,;;;;;
7078311691,2.2855214,48.8477193,,,,,;;;;;
7078311708,2.3318089,48.8391883,Calice,Tu-Sa 09:30-19:30,,,;;;;;
7087636885,2.3349473,48.8572031,Officine Buly,,,,Rue Bonaparte;;;;;
7087975185,2.3341413,48.8556244,Granado,,,,Rue Bonaparte;;;;;
7107754393,2.4074711,48.8922069,Ayat,Mo-Th 10:00-19:30; Fr-Sa 10:00-20:00; Su 10:00-19:30,,+33 1 48 44 58 15,;;;
7114109995,2.1970912,48.9571171,Instant Beauté,,,,Rue des Frères Lumière;;;;;
7125714916,2.4157836,48.8230435,Anna Beauté,Tu-Sa 09:30-19:30,http://annabeaute.free.fr,+33143768360,Rue du Général Leclerc;;;;;
7129648964,2.3906351,48.8393075,Guinot,,,,Boulevard de Reuilly;;;;;
7137106589,2.4193499,48.8691768,Viji Beauty Center,,,,;;;;;
7137603245,2.2717021,48.7921540,,,,,;;;;;
7138991952,2.4199894,48.8953932,La Clairière,Mo-We 10:00-19:00; Th 10:00-21:00; Fr 10:00-19:00; Sa 10:00-18:00,http://www.laclairiere-bienetre.com/,+33 1 48 44 47 30,Place Johan Barthold Jongkind;;
7140305068,2.3645988,48.7055347,California Sun,,https://sites.google.com/site/californiasun91bronzage/,+33 1 69 42 82 01,Avenue de Morangis;;;;;
7149707058,2.4097622,48.8918524,Bulles de Beauté,,,,Rue Jules Auffret;;;;;
7151976589,2.3757086,48.8594901,Qipao,,,,;;;;;
7151976590,2.3758626,48.8596474,Atelier d'Eva,,,,;;;;;
7174435958,2.3250608,48.8806700,Hélène Beauté,,,,;;;;;
7174435966,2.3250216,48.8808841,Kim Anh,,,,;;;;;
7174435968,2.3250086,48.8811555,Ran Hong Beauté,,,,;;;;;
7174435973,2.3260580,48.8821654,Sabera Beauté,,,,;;;;;
7177079302,2.3568379,48.8647805,Beauty Pro,,,,;;;;;
7199928459,2.3900700,48.8383787,Epilavie,,,,Rue de Charenton;;;;;
7217272799,2.2254139,48.8684339,Teint de Pêche,Tu-Sa 09:00-19:00,,+33147723416,;;;;;
7229101686,2.1622452,48.9418982,Stella,,,,;;;;;
7231484580,2.4138680,48.8935290,Sun Saïdia,,,,;;;;;
7234281044,2.4040196,48.8942219,Institut du Canal,Tu-Sa 10:00-20:00; Su 10:00-18:00,,+33 1 48 46 74 32,Rue Étienne Marcel;;;;
7259494464,2.3476891,48.8662988,Derya Institut,,,,;;;;;
7259494465,2.3478455,48.8662591,Cocoonin,,,,;;;;;
7282523575,2.2956611,48.8460878,Nail d'Or,,,,;;;;;
7283133981,2.3846449,48.8552723,Timy Ongles,Mo-Su 09:00-21:00,,,Boulevard Voltaire;;;;;
7284201388,2.1844869,48.8000032,Atmosphère,Mo-Tu Th-Fr 10:00-19:00  We 10:00-20:30,http://www.atmosphere-viroflay.com/,+33 1 30 24 63 79,Place de Verdun;;;;;
7288839885,2.3426730,48.8281933,Hi Bonheur,,,,;;;;;
7288852686,2.3437934,48.8289269,Elle Institut,,,,;;;;;
7292130785,2.3294973,48.8301349,Le bar à ongles - Corail,,,,;;;;;
7292217985,2.3297423,48.8308133,Beautybar one,,,,;;;;;
7292265586,2.3310084,48.8308493,Indigo,,,,;;;;;
7292265788,2.3311039,48.8308162,Le boudoir de Victoria,,,,;;;;;
7294868187,2.3297637,48.8289547,Sun Beauté,,,,;;;;;
7297042187,2.3259897,48.8260827,Profil beauté,,,,;;;;;
7297058685,2.3265593,48.8256475,Body Minute,,,,;;;;;
7297115387,2.3301819,48.8280621,Le Jade Bleu,,,,;;;;;
7299567885,2.3238989,48.8252857,Ô Soleil,,,,;;;;;
7309773188,2.3291397,48.8339794,Body Minute,,,,;;;;;
7309775485,2.3291021,48.8339175,ColorForever,,,,;;;;;
7357112785,2.3682459,48.8714053,Les huiles,,,,;;;;;
7358197438,2.3630844,48.7124660,Institut Charmes et Beauté,,https://www.institut-charmes-beaute.fr/,+33 1 60 48 24 22,Avenue Victor Hugo;;;;;
7362736072,2.3211554,48.8771776,Bellissimain,Mo-Fr 10:00-19:00; sa  10:00-18:00; ,,,Rue du Rocher;;;
7368391889,2.1903604,48.8282516,Frimousse,,,,;;;;;
7386378343,2.3716853,48.8719430,Cindy Hair Shop,,,,;;;;;
7399747885,2.3945372,48.8860780,Mili Nail,,,,;;;;;
7411858792,2.3482552,48.8149357,Lotus beauté,,,,;;;;;
7424805988,2.3388084,48.8397300,Nanda Esthéticienne et Coiffure,,,,;;;;;
7425185052,2.1802313,48.8759849,Institut de beauté Deva,,,,Rue Jean le Coz;;;;;
7425264420,2.1829421,48.8794156,Couleur de Sable,,,,Boulevard du Maréchal Joffre;;;;;
7427565045,2.3818056,48.8678082,Hani Beauté,,,,;;;;;
7428784786,2.3456667,48.8379155,Nancy Beauté Indian,,,,;;;;;
7428784886,2.3456866,48.8380557,Royal Nails,,,,;;;;;
7432700886,2.3469878,48.8375311,Maison de Beauté,,,,;;;;;
7432781687,2.3467702,48.8359916,Institut de Beauté,,,,;;;;;
7448067185,2.3331775,48.8347976,L'atelier du sourcil,,,,;;;;;
7448072888,2.3316367,48.8355947,unlimited,,,,;;;;;
7448072890,2.3323499,48.8353832,Be.Chic,,,,;;;;;
7450358289,2.3523154,48.8472175,Body Minute,Mo-Fr 10:00-19:30; Sa 10:00-19:00,,,;;;;
7456184805,2.1557383,48.8898829,Institut Océane,Mo-Sa 09:30-20:00,https://www.institut-oceane.fr/,+33 1 30 09 06 52,;;;;;
7462109885,2.3450607,48.8359355,La bulle parisienne,,,,;;;;;
7462141086,2.3474909,48.8351786,Naturophatie - Bio esthétique,,,,;;;;;
7467973251,2.4568035,48.8505812,Institut Beauté d'Ailleurs,,,,;;;;;
7472967585,2.3259706,48.8355234,Cure de Jouvence,,,,;;;;;
7474595750,2.3713665,48.8692453,Alixe Fougères,,,,;;;;;
7478253987,2.3287776,48.8349216,Energymer,,,,;;;;;
7487173125,2.4788470,48.7981548,Esthétiquement Vôre,,,,Boulevard de Créteil;;;;;
7491742485,2.3249677,48.8331581,Dépil Tech,,,,;;;;;
7502647385,2.3279096,48.8265287,Optimale,,,,;;;;;
7502661585,2.3263408,48.8284396,Point Soleil,,,,;;;;;
7529858011,2.3053446,48.9754569,Institut Beauté Enghien les Bains,,https://www.massage95880.com/,,;;;;;
7568675938,2.2828793,48.8743205,Lucky Nails,,,,;;;;;
7576073056,2.3120213,48.9026519,Body Shop,,,,;;;;;
7578516265,2.3129840,48.8867981,Lyna Nails,Mo-Sa 10:00-19:00,,,Rue de Saussure;;;;;
7612977585,2.4176841,48.8186967,Institut de Beauté,,,,;;;;;
7612977587,2.4174773,48.8188722,Lina Nails,,,,;;;;;
7617900894,2.3760749,48.8576283,Sying Sun Beauté,,,,;;;;;
7630466299,2.4186230,48.8939656,Beauty By Sab,Mo-Sa 10:00-19:00,,+33 9 81 84 23 43,Rue de Palestro;;;;;
7638370248,2.4436076,48.8096366,AJJC Nails,,,,;;;;;
7641115256,2.3834746,48.8464360,L'art de Nails,,,,;;;;;
7670969881,2.3331128,48.8664488,My little cocoon,,,,;;;;;
7683281777,2.3511809,48.8474197,Salon beauté Monge,,,,;;;;;
7683281779,2.2932161,48.8452173,Design 15,,,,;;;;;
7687907785,2.2639622,48.7461813,Body’Minute,Tu-Fr 10:00-19:00; Sa 09:30-18:30,https://bodyminute.com,+33 1 60 19 66 87,;;;;
7698810711,2.2977183,48.8676610,Nails Bar,,,,;;;;;
7703830029,2.2777014,48.8566024,Jansel coiffure et esthétique,Tu-Sa 09:00-19:00,,+33 1 42 88 33 38,rue Duban;;;;;
7704349006,2.2776687,48.8567782,Beauté Vie,Mo-Sa 10:00-20:00; Su 11:00-19:00,,+33 9 51 28 56 87,rue Duban;;;;
7704817109,2.3320786,48.8079156,Golden Nails,,,,;;;;;
7704963474,2.3475908,48.8493772,Jolly Nails,,,,;;;;;
7725333212,2.3179364,48.8799341,Kim Phuong Beauty Nails,,,,;;;;;
7725333213,2.3179679,48.8798989,Mon Bien Être,,,,;;;;;
7726941007,2.3791257,48.8593006,Salon de beauté,,,,;;;;;
7726941018,2.3400007,48.8545220,Assa,,,,;;;;;
7732572027,2.3234946,48.8403339,Centre du Maine,,,+33 1 40 47 63 31,;;;;;
7753551492,2.3184685,48.8880016,Les anges ont la peau douce,,,,;;;;;
7778236577,2.3645792,48.8541472,Paris Nails bar,,,,;;;;;
7799077057,2.3497816,48.8496148,La maison japonaise du bien-être,,,,;;;;;
7812393746,2.3114885,48.8729499,Biguine,,,,;;;;;
7855297431,2.2848339,48.9088936,Un Instant pour Soi ...,,,,;;;;;
7877807199,2.2886611,48.8709390,Institut Mahler,,,,;;;;;
7888322766,2.3191969,48.8884866,L'instant beauté,,,,;;;;;
7899424906,2.3690652,48.8313271,Papillon Paris,,,,;;;;;
7923594484,2.3528012,48.8648476,La reine Spa,,,,;;;;;
7923610508,2.3551790,48.8743110,Fina collections,,,,;;;;;
7923610538,2.3595165,48.8663651,Body minute,,,,;;;;;
7931016720,2.3220296,48.8340481,NiNi Beauté,,https://ninibeaute.fr/,,;;;;;
7948525470,2.3630819,48.8928029,Gold,,,,;;;;;
7973228108,2.3035282,48.8811718,Dermocolor,,,,;;;;;
7995599825,2.3671047,48.8527207,Esthétique KLO minceur,,,,;;;;;
7995703454,2.3223762,48.8745581,Depil tech,,,,;;;;;
7995703458,2.3223283,48.8738138,Sirène beauté,,,,;;;;;
7995899087,2.3190206,48.8860093,Colorforever,,,,;;;;;
7995899113,2.3196988,48.8854596,Institut Menesa,,,,;;;;;
7995899131,2.3203349,48.8851996,Guinot,,,,;;;;;
7995899153,2.3227687,48.8836035,Thaï beauty Institute,,,,;;;;;
7995899165,2.3213467,48.8838481,Institut beauté des Dames,,,,;;;;;
7995899213,2.3190536,48.8870849,Les petits soins,,,,;;;;;
8008897674,2.2701101,48.9682495,Mélanie Onglerie,,,,;;;;;
8008906779,2.2710593,48.9678667,Esthetica Spa,,,,;;;;;
8016720371,2.3539974,48.8258921,Vivi Nails,,,,;;;;;
8016758834,2.3573319,48.8557043,L'Institut 2 beauté,,,,;;;;;
8016758836,2.3340388,48.8649966,Saithan Spa,,,,;;;;;
8025496120,2.3200588,48.8353920,Virginie Beauté,,,,;;;;;
8025496121,2.3193529,48.8359017,Centre laser pro,,,,;;;;;
8037363494,2.4045932,48.8925687,Indian Beauty Salon d'esthétique Indien,Mo 10:00-20:00; We-Sa 10:00-20:00; Su 12:00-20:00,,+33 6 65 93 27 54,Rue Étienne Marcel;;;
8037913985,2.2949986,48.9618985,Nails HN,Tu-Su 10:00-20:00,,+33 1 49 33 30 52,;;;;;
8037917773,2.4035659,48.8891476,Centre Beauté,Mo-Su 10:00-12:30 14:00-19:00,,+33 1 57 42 15 61,Rue du Pré-Saint-Gervais;;;;;
8047250280,2.3142703,48.8797094,L'atelier du sourcil,,,,;;;;;
8047437905,2.3334952,48.8691957,Body Minute,,,,;;;;;
8047446829,2.3435634,48.8598723,Brow Bar Benefit,,,,;;;;;
8051584066,2.3509282,48.8419074,Institut peaufinée,,,,;;;;;
8051584076,2.3456896,48.8343523,Oumy esthétique,,,,;;;;;
8068619007,2.3530635,48.8374050,,,,,;;;;;
8068619050,2.3608777,48.8263811,Makina,,,,;;;;;
8088343520,2.2910711,48.8346465,Institut 107,,,,;;;;;
8098203784,2.3937622,48.8706964,L'Institut du Ventre,,,,;;;;;
8098468810,2.4013345,48.8857566,L'Institut de Peau-Line,,,,Rue Honoré d'Estienne d'Orves;;;;;
8112490548,2.4132411,48.8787478,Institut Guinot,,,,;;;;;
8116983788,2.3540578,48.8408138,Rubis nails,,,,;;;;;
